international,age,semesters_completed,commute_distance_km,financial_need_score,housing_urgency_rating,grades,should_recieve_housing,HO,A1,A2,A3,A4
domestic,26,2,31.1,62.93,5.8,4.34,1,1,0,1,0,0
domestic,27,5,13.2,66.45,5.9,4.83,1,1,0,1,1,0
domestic,25,5,9.8,50.23,5.2,,1,0,0,0,0,0
domestic,21,2,20.2,56.99,5.7,2.06,1,1,0,0,1,0
domestic,34,7,51.9,32.31,4.6,4.24,0,0,0,0,0,0
domestic,32,10,31.0,30.48,4.6,4.94,0,0,0,0,0,0
domestic,23,6,24.8,58.45,4.5,3.84,0,0,0,0,0,0
domestic,32,9,27.5,80.64,4.4,4.36,0,0,1,1,0,0
international,38,12,65.8,44.96,5.3,83.3,0,0,0,0,0,0
domestic,25,4,17.6,75.1,5.1,4.18,1,1,1,1,1,1
domestic,21,1,1.1,41.64,6.0,4.79,0,1,0,0,0,0
domestic,26,3,15.2,25.53,3.0,5.81,0,0,0,0,0,0
international,23,7,44.1,66.05,4.9,71.2,0,0,1,1,0,0
international,24,9,18.4,64.14,5.5,92.3,0,0,0,1,0,0
domestic,21,2,13.2,49.05,6.3,4.15,0,1,0,0,1,0
domestic,20,0,3.4,70.1,8.5,4.8,1,1,1,1,1,1
domestic,26,3,5.1,24.05,3.2,4.9,0,0,0,0,0,0
international,24,8,28.6,61.06,5.9,5.7,1,1,0,1,0,0
domestic,31,5,2.6,59.09,3.0,3.15,0,0,0,0,0,0
domestic,33,6,34.8,66.54,6.1,,1,0,0,1,0,0
international,23,3,41.6,74.47,8.4,61.8,1,1,1,1,1,1
domestic,33,8,11.1,21.12,1.5,4.91,0,0,0,0,0,0
international,20,2,52.2,77.23,9.1,50.8,1,1,1,1,1,1
domestic,19,2,0.8,62.42,5.1,4.47,0,1,0,0,1,1
domestic,33,11,25.1,44.64,3.9,4.78,0,0,0,0,0,0
domestic,24,4,3.6,67.09,2.9,3.67,0,0,0,0,0,0
domestic,19,2,16.6,71.62,9.3,,1,1,1,1,1,1
international,22,8,11.9,75.66,6.2,B,1,1,1,1,0,1
domestic,32,9,24.2,35.51,5.6,4.37,0,0,0,0,0,0
domestic,20,4,5.0,59.2,7.6,4.03,0,1,0,1,1,1
international,28,9,19.6,71.86,6.5,4.6,0,1,1,1,1,0
international,24,0,27.8,64.83,6.3,64.3,1,1,0,1,1,1
international,26,6,7.2,35.91,4.0,A,0,0,0,0,0,0
domestic,26,6,24.8,56.88,5.4,4.86,1,0,0,0,0,0
domestic,30,6,35.3,65.05,5.7,5.33,1,0,0,1,0,0
domestic,27,8,5.6,54.45,4.0,3.7,0,0,0,0,0,0
domestic,23,1,2.7,31.88,3.1,2.1,0,0,0,0,0,0
domestic,23,5,10.2,43.46,3.4,4.69,0,0,0,0,0,0
domestic,24,4,31.6,75.46,8.3,4.39,1,1,1,1,1,1
international,21,4,44.3,76.64,9.0,A,1,1,1,1,1,1
international,30,9,26.6,46.94,5.0,A,0,0,0,0,0,0
domestic,21,2,17.0,75.42,6.3,3.18,1,1,1,1,1,1
domestic,25,6,4.9,69.76,7.8,2.85,1,1,1,1,1,1
international,20,3,3.0,36.25,4.9,64.1,0,0,0,0,0,0
domestic,22,1,3.6,64.41,5.5,5.09,1,1,0,1,1,1
international,33,7,36.9,52.15,4.0,8.2,0,0,0,0,0,0
domestic,30,4,36.1,75.47,6.3,,1,1,1,1,0,1
domestic,20,4,31.5,63.82,5.8,5.79,1,1,0,1,0,1
domestic,22,5,8.4,69.71,4.3,2.19,0,0,1,1,0,0
international,25,6,68.3,72.07,7.5,80.0,1,1,1,1,1,1
domestic,21,6,40.3,60.03,8.1,5.36,1,1,0,1,0,1
domestic,20,1,3.2,59.13,6.3,4.43,1,1,0,0,1,1
domestic,25,6,5.1,37.56,3.8,4.3,0,0,0,0,0,0
international,23,2,19.5,68.27,5.2,1.7,1,1,1,1,1,1
domestic,24,2,11.5,47.18,7.1,5.74,1,1,0,0,1,0
domestic,27,7,5.1,32.39,2.6,5.92,0,0,0,0,0,0
domestic,23,3,0.6,57.83,4.5,5.89,0,0,0,0,0,0
domestic,27,5,19.1,71.15,5.3,4.54,1,1,1,1,1,0
domestic,30,4,21.3,69.73,6.8,4.9,1,1,1,1,1,1
international,34,6,36.0,59.02,3.6,79.2,0,0,0,0,0,0
international,23,2,36.5,82.51,6.2,27.1,1,1,1,1,0,1
domestic,28,3,6.4,39.2,3.4,5.42,0,0,0,0,0,0
domestic,34,10,24.5,44.97,4.9,4.76,0,0,0,0,0,0
domestic,30,10,12.1,20.39,2.5,4.7,0,0,0,0,0,0
domestic,27,4,15.5,65.92,6.2,4.27,1,1,0,1,1,1
international,19,0,42.2,78.89,8.6,83.4,1,1,1,1,1,1
domestic,23,5,5.4,32.12,2.2,3.96,0,0,0,0,0,0
domestic,28,10,28.2,61.77,7.1,3.56,1,1,0,1,0,0
domestic,22,2,8.4,85.54,6.1,5.36,1,1,1,1,1,1
international,23,6,38.6,72.22,7.2,1.9,0,1,1,1,0,1
domestic,32,10,10.0,56.68,2.4,2.58,0,0,0,0,0,0
domestic,21,5,60.6,80.74,8.4,5.04,1,1,1,1,1,1
domestic,27,9,12.3,52.54,2.0,4.41,0,0,0,0,0,0
domestic,20,4,13.0,69.56,5.5,4.85,0,1,1,1,1,1
domestic,26,4,2.5,51.01,4.3,3.12,0,0,0,0,0,0
domestic,22,2,13.0,77.89,4.1,3.34,0,1,1,1,1,1
domestic,24,4,6.8,83.17,6.5,3.11,1,1,1,1,1,1
domestic,20,2,23.6,61.06,3.2,3.93,1,0,0,0,0,0
domestic,26,8,11.1,51.39,5.9,5.56,0,0,0,0,0,0
international,22,5,12.7,47.43,5.4,45.8,0,0,0,0,0,0
domestic,26,6,19.2,29.64,4.5,4.57,0,0,0,0,0,0
domestic,33,6,8.2,60.52,3.0,5.87,0,0,0,0,0,0
domestic,30,8,0.1,33.81,1.1,4.91,0,0,0,0,0,0
domestic,33,11,43.0,34.48,2.1,3.66,0,0,0,0,0,0
domestic,28,9,1.3,61.3,4.9,5.65,0,0,0,0,0,0
domestic,38,11,34.5,56.67,3.0,4.62,0,0,0,0,0,0
domestic,27,9,9.7,64.93,4.0,4.67,0,0,0,0,0,0
international,26,7,46.2,40.09,4.5,2.5,0,0,0,0,0,0
international,25,9,50.1,33.43,5.5,5.3,0,0,0,0,0,0
domestic,26,5,10.9,49.51,4.9,5.21,0,0,0,0,0,0
domestic,21,1,21.0,84.0,7.6,3.06,1,1,1,1,1,1
international,30,4,5.3,58.66,1.9,1.9,0,0,0,0,0,0
domestic,20,1,4.7,69.94,4.9,3.72,1,1,1,1,1,1
domestic,25,11,18.2,19.38,2.9,4.23,0,0,0,0,0,0
international,26,9,59.8,83.1,8.0,2.9,1,1,1,1,1,1
domestic,24,4,20.5,65.93,3.8,4.71,0,0,0,0,0,0
domestic,25,5,11.8,68.93,5.1,5.11,1,1,1,1,1,0
domestic,21,1,13.1,61.7,3.0,4.02,0,0,0,0,0,0
international,22,2,39.7,80.33,6.2,85.5,1,1,1,1,0,1
domestic,21,5,23.9,50.85,7.3,5.03,1,1,0,0,1,0
international,25,7,6.1,58.01,4.6,73.5,0,0,0,1,0,0
domestic,35,10,31.5,27.44,3.0,3.11,0,0,0,0,0,0
domestic,36,9,21.1,65.11,5.5,4.84,0,0,0,1,0,0
domestic,28,8,8.8,55.19,4.3,4.9,0,0,0,0,0,0
domestic,23,4,3.7,61.59,6.3,1.34,0,1,0,1,1,1
domestic,24,8,21.5,64.41,4.1,4.74,0,0,0,0,0,0
domestic,30,9,17.5,51.93,4.4,5.49,0,0,0,0,0,0
domestic,24,4,1.9,56.76,4.1,3.98,0,0,0,0,0,0
domestic,22,3,0.0,57.78,4.0,4.69,0,0,0,0,0,0
domestic,23,1,28.8,39.14,6.1,,0,1,0,0,0,0
domestic,21,4,24.8,53.49,5.3,5.43,0,1,0,0,0,0
domestic,29,7,6.9,67.57,2.5,2.14,0,0,0,0,0,0
domestic,25,4,0.5,62.11,3.9,4.31,0,0,0,0,0,0
international,35,9,41.0,58.48,5.0,5.7,0,0,0,1,0,0
domestic,27,9,9.0,82.84,6.0,4.59,1,1,1,1,1,1
domestic,19,1,4.4,75.35,7.4,3.74,1,1,1,1,1,1
international,24,5,33.7,28.09,3.7,7.5,0,0,0,0,0,0
domestic,28,5,25.5,48.66,6.1,5.78,0,0,0,0,0,0
international,33,10,62.0,54.37,3.9,59.5,0,0,0,0,0,0
domestic,26,9,6.5,59.55,2.5,2.14,0,0,0,0,0,0
domestic,29,5,5.3,79.53,5.4,5.71,0,1,1,1,1,1
domestic,24,6,8.9,58.64,6.3,4.12,1,1,0,0,0,0
domestic,19,1,16.5,79.87,7.7,5.19,1,1,1,1,1,1
international,21,6,30.2,76.33,2.3,3.4,0,0,1,1,0,0
international,26,10,31.0,42.41,3.0,23.1,0,0,0,0,0,0
domestic,27,4,8.6,81.2,5.3,3.25,1,1,1,1,1,1
domestic,23,8,33.5,39.37,4.6,3.7,0,0,0,0,0,0
domestic,34,10,13.8,39.77,4.0,4.02,0,0,0,0,0,0
domestic,33,6,6.7,74.16,4.1,2.0,1,0,1,1,0,0
international,30,4,22.3,62.55,4.9,A,1,0,0,1,1,0
domestic,23,4,33.1,79.69,5.7,5.2,1,1,1,1,0,1
domestic,25,2,27.8,65.62,6.9,3.7,0,1,0,1,1,1
domestic,29,9,39.6,48.75,5.2,5.79,0,0,0,0,0,0
domestic,24,7,15.1,52.81,5.5,4.21,0,0,0,0,0,0
domestic,22,2,30.5,70.85,6.2,5.4,1,1,1,1,0,1
international,25,1,14.1,39.63,6.3,B,0,1,0,0,1,0
domestic,26,1,4.8,58.71,2.5,4.47,0,0,0,0,0,0
international,25,5,23.8,45.66,3.3,B,0,0,0,0,0,0
domestic,25,6,5.0,42.5,2.6,4.24,0,0,0,0,0,0
domestic,19,0,5.3,59.36,6.3,4.49,0,1,0,0,1,1
domestic,26,9,39.5,64.4,7.3,3.57,1,1,0,1,0,0
international,27,3,49.5,47.02,8.0,53.9,1,1,0,0,1,0
international,23,2,18.6,66.82,7.5,A,1,1,1,1,1,1
domestic,30,2,26.5,46.81,5.5,3.25,0,0,0,0,0,0
domestic,30,8,48.0,23.37,2.8,4.63,0,0,0,0,0,0
domestic,29,3,45.6,48.39,7.5,5.4,1,1,0,0,0,0
domestic,26,7,5.8,47.56,6.1,4.0,1,0,0,0,0,0
international,28,11,7.3,65.81,3.3,55.7,0,0,1,1,0,0
international,31,10,26.0,68.54,6.3,58.8,0,0,1,1,1,0
international,22,2,27.9,85.04,7.8,A,1,1,1,1,1,1
international,20,1,28.9,73.75,4.2,2.4,1,1,1,1,1,1
international,27,5,47.8,31.47,4.0,F,0,0,0,0,0,0
international,27,5,23.7,56.03,6.2,B,0,1,0,1,1,0
domestic,28,2,34.6,87.52,7.8,5.04,1,1,1,1,1,1
domestic,23,6,8.6,44.36,1.6,5.8,0,0,0,0,0,0
domestic,24,4,18.1,47.06,5.1,2.42,0,0,0,0,0,0
domestic,25,4,1.0,33.09,2.4,4.45,0,0,0,0,0,0
domestic,26,5,13.4,46.36,1.4,4.71,0,0,0,0,0,0
domestic,22,3,6.4,70.36,5.4,3.53,1,1,1,1,1,1
international,29,5,39.5,61.02,4.0,3.4,0,0,0,1,0,0
domestic,26,9,13.7,79.4,6.5,4.91,1,1,1,1,1,1
domestic,21,5,0.4,59.0,6.2,5.09,0,1,0,0,0,1
domestic,32,11,20.9,49.02,4.0,3.45,0,0,0,0,0,0
domestic,20,2,2.4,60.0,4.6,3.48,0,1,0,0,0,0
domestic,21,2,29.3,28.54,5.4,5.22,0,0,0,0,0,0
domestic,24,7,14.6,60.19,5.7,,0,1,0,0,0,0
domestic,19,2,13.8,72.95,7.5,,1,1,1,1,1,1
domestic,29,4,29.4,54.84,5.2,3.98,1,0,0,0,0,0
international,23,3,9.0,61.18,6.6,5.4,1,1,0,1,1,1
domestic,26,1,2.8,57.2,4.2,2.93,0,0,0,0,0,0
domestic,24,7,29.3,74.87,7.1,3.19,1,1,1,1,1,1
domestic,30,4,10.6,76.52,6.6,2.53,1,1,1,1,1,1
international,26,4,10.6,75.84,7.1,1.9,1,1,1,1,1,1
domestic,22,3,18.1,47.57,4.0,4.01,0,0,0,0,0,0
international,28,5,17.7,77.22,3.8,,0,0,1,1,1,0
domestic,27,7,31.2,25.45,4.0,3.04,0,0,0,0,0,0
domestic,27,7,8.0,79.43,5.8,5.14,1,1,1,1,1,1
domestic,23,4,41.6,60.26,6.3,3.1,1,1,0,1,0,0
domestic,20,2,23.8,55.54,5.9,3.95,1,1,0,0,1,0
domestic,20,4,2.8,69.46,5.0,3.39,1,1,1,1,1,1
domestic,25,7,27.8,46.46,4.5,3.0,0,0,0,0,0,0
domestic,20,4,2.2,45.52,4.7,3.69,0,0,0,0,0,0
domestic,27,4,2.4,39.91,2.5,4.62,0,0,0,0,0,0
domestic,32,10,33.2,41.56,3.6,4.7,0,0,0,0,0,0
domestic,25,5,5.6,83.44,3.6,2.67,1,0,1,1,1,1
domestic,29,5,33.9,28.93,3.2,4.0,0,0,0,0,0,0
domestic,30,4,2.1,54.91,4.5,5.94,0,0,0,0,0,0
international,28,9,20.8,56.98,5.5,3.4,0,0,0,1,0,0
international,30,5,10.5,36.04,2.9,41.2,0,0,0,0,0,0
domestic,21,2,19.4,74.64,5.6,4.98,1,1,1,1,1,1
domestic,21,1,16.6,52.43,4.4,5.12,0,0,0,0,0,0
domestic,21,3,13.4,68.77,6.8,5.01,1,1,1,1,1,1
domestic,23,7,18.7,42.35,4.6,4.58,0,0,0,0,0,0
domestic,19,0,3.5,54.86,3.5,5.29,0,0,0,0,0,0
domestic,27,3,17.1,21.26,4.4,3.2,0,0,0,0,0,0
domestic,20,4,14.2,71.96,6.3,5.02,1,1,1,1,1,1
domestic,23,5,16.3,47.57,4.3,3.99,0,0,0,0,0,0
domestic,25,6,9.4,58.72,4.3,4.83,0,0,0,0,0,0
domestic,25,10,5.0,84.51,3.9,5.75,0,0,1,1,0,0
domestic,26,7,14.4,56.39,6.5,5.88,1,1,0,0,0,0
international,27,8,39.5,87.36,6.3,A,1,1,1,1,1,1
domestic,21,0,49.2,77.7,8.7,3.4,1,1,1,1,1,1
domestic,20,2,7.2,68.77,6.0,5.21,1,1,1,1,1,1
international,26,6,47.5,48.39,5.7,,0,0,0,0,0,0
domestic,22,7,26.1,62.75,7.2,3.67,0,1,0,1,1,1
domestic,32,6,21.0,59.82,3.3,4.19,0,0,0,0,0,0
domestic,21,4,5.4,61.47,5.8,3.26,1,1,0,1,1,1
domestic,25,5,21.0,75.62,4.3,4.77,0,0,1,1,1,0
domestic,21,6,1.7,63.73,3.8,3.78,0,0,0,0,0,0
domestic,28,8,5.9,58.71,4.4,4.57,0,0,0,0,0,0
domestic,20,4,15.5,64.99,5.0,2.96,0,1,0,1,0,1
international,39,11,49.4,35.37,2.3,A,0,0,0,0,0,0
international,36,9,29.3,41.1,2.7,2.2,0,0,0,0,0,0
domestic,21,1,24.3,57.16,4.9,5.73,0,1,0,0,0,0
domestic,30,4,9.0,63.35,5.5,5.47,1,0,0,1,1,0
domestic,26,3,9.5,48.88,1.1,2.85,0,0,0,0,0,0
domestic,24,4,11.0,57.31,5.2,1.96,0,0,0,0,0,0
international,25,7,21.4,67.85,5.5,C,0,1,1,1,1,0
domestic,20,0,13.1,60.18,5.8,4.95,1,1,0,0,1,1
domestic,25,7,39.8,50.13,5.0,4.49,0,0,0,0,0,0
domestic,31,11,33.9,27.92,3.1,5.43,0,0,0,0,0,0
domestic,21,6,5.5,40.99,5.8,2.97,0,0,0,0,0,0
domestic,21,3,2.9,46.99,4.5,3.39,0,0,0,0,0,0
domestic,29,7,12.0,34.21,4.3,,0,0,0,0,0,0
domestic,22,4,8.5,54.69,6.9,4.65,0,1,0,0,1,0
domestic,27,7,18.9,60.16,2.5,4.12,0,0,0,0,0,0
domestic,31,7,26.6,57.47,1.3,4.99,0,0,0,0,0,0
domestic,22,2,4.1,45.8,3.4,5.05,0,0,0,0,0,0
domestic,20,4,26.3,72.03,6.2,5.97,1,1,1,1,1,1
domestic,36,8,40.4,47.83,3.3,5.0,0,0,0,0,0,0
domestic,23,3,1.7,62.38,3.3,4.15,0,0,0,0,0,0
international,24,5,24.2,53.91,4.9,B,1,0,0,0,0,0
domestic,36,6,15.6,43.37,2.1,4.34,0,0,0,0,0,0
domestic,20,2,2.6,58.34,3.0,4.71,0,0,0,0,0,0
domestic,29,9,2.2,62.79,2.9,4.53,0,0,0,0,0,0
domestic,28,9,0.3,63.42,2.6,5.66,0,0,0,0,0,0
domestic,23,7,29.3,58.17,6.4,5.0,0,1,0,0,0,0
international,25,2,40.7,75.92,6.3,4.6,1,1,1,1,1,1
domestic,35,8,9.8,11.03,2.8,4.52,0,0,0,0,0,0
international,21,4,16.6,66.31,4.7,4.8,0,1,1,1,0,0
domestic,29,5,9.8,35.92,5.2,4.71,0,0,0,0,0,0
domestic,28,3,0.6,41.71,3.5,3.16,0,0,0,0,0,0
international,29,7,2.5,67.18,2.0,86.8,0,0,1,1,0,0
domestic,34,10,6.2,39.86,3.8,5.62,0,0,0,0,0,0
domestic,24,2,20.0,66.89,4.8,2.24,1,1,0,1,1,0
domestic,34,7,12.1,26.22,2.2,4.14,0,0,0,0,0,0
international,23,6,35.9,51.71,5.6,8.0,1,0,0,0,0,0
international,31,7,26.9,39.28,5.1,94.5,0,0,0,0,0,0
domestic,20,2,11.1,51.43,4.2,5.21,0,0,0,0,0,0
domestic,25,4,16.1,45.39,6.0,3.53,1,0,0,0,0,0
domestic,27,8,19.2,43.14,3.0,4.25,0,0,0,0,0,0
international,24,2,25.3,70.7,5.1,A,0,1,1,1,1,1
domestic,29,7,40.0,52.39,4.4,5.47,0,0,0,0,0,0
international,28,7,8.8,39.67,1.5,A,0,0,0,0,0,0
domestic,25,6,32.7,30.17,2.5,4.9,0,0,0,0,0,0
domestic,27,7,4.0,38.96,3.9,4.99,0,0,0,0,0,0
domestic,30,5,18.4,36.92,5.6,4.71,0,0,0,0,0,0
international,27,9,51.2,79.87,8.4,,1,1,1,1,1,1
domestic,22,7,7.1,26.91,2.8,4.0,0,0,0,0,0,0
international,23,6,29.6,39.89,5.3,7.5,0,0,0,0,0,0
domestic,23,1,39.1,42.95,3.0,5.71,0,0,0,0,0,0
international,23,7,22.1,61.48,6.0,A,1,1,0,1,0,0
domestic,26,8,9.1,66.09,5.0,5.29,0,0,0,1,0,0
domestic,31,9,32.4,36.13,2.6,4.79,0,0,0,0,0,0
international,21,2,49.3,67.76,7.3,3.1,1,1,1,1,0,1
domestic,20,1,10.9,55.75,7.4,5.03,1,1,0,0,1,1
domestic,26,3,3.2,35.96,2.6,3.83,0,0,0,0,0,0
international,21,1,51.1,59.23,7.5,4.1,1,1,0,1,0,1
domestic,21,5,0.2,53.12,3.9,4.62,0,0,0,0,0,0
domestic,24,6,12.6,70.61,6.5,5.44,1,1,1,1,1,1
international,23,5,13.9,75.39,4.6,2.3,1,1,1,1,0,1
domestic,24,4,24.6,47.99,4.0,4.7,0,0,0,0,0,0
domestic,23,6,8.1,45.64,5.5,2.69,0,0,0,0,0,0
international,24,10,10.9,82.9,5.5,9.4,0,1,1,1,0,1
international,24,8,12.1,74.68,5.6,79.7,0,1,1,1,0,1
international,23,5,12.6,56.9,4.4,7.2,0,0,0,0,0,0
domestic,23,2,9.5,78.44,9.2,3.94,1,1,1,1,1,1
domestic,22,4,15.3,33.11,1.5,3.42,0,0,0,0,0,0
domestic,32,11,25.7,74.49,4.7,4.03,0,0,1,1,0,0
domestic,24,8,10.0,39.96,4.0,4.41,0,0,0,0,0,0
domestic,26,6,26.5,74.2,6.0,4.87,1,1,1,1,1,1
domestic,27,7,2.9,73.81,6.9,4.59,1,1,1,1,1,1
domestic,28,5,29.4,40.09,4.9,5.12,0,0,0,0,0,0
domestic,22,2,13.7,53.67,4.9,4.67,0,0,0,0,0,0
domestic,31,7,18.5,22.12,2.5,4.35,0,0,0,0,0,0
international,22,4,60.8,65.69,8.5,83.1,1,1,1,1,0,1
domestic,23,4,5.6,60.24,2.5,5.43,0,0,0,0,0,0
domestic,32,8,20.6,73.71,2.8,2.89,0,0,1,1,0,0
domestic,34,5,5.1,14.82,0.5,4.31,0,0,0,0,0,0
domestic,27,4,0.7,61.82,6.6,4.33,0,1,0,1,1,1
domestic,29,7,0.6,63.36,3.9,5.21,0,0,0,0,0,0
domestic,31,8,41.2,87.5,6.9,5.04,1,1,1,1,1,1
domestic,23,8,6.5,52.08,4.0,3.67,0,0,0,0,0,0
domestic,22,6,11.0,23.63,5.2,5.06,0,0,0,0,0,0
international,23,8,23.1,49.88,3.3,3.0,0,0,0,0,0,0
international,32,10,22.0,72.73,3.2,7.4,0,0,1,1,0,0
domestic,23,3,13.2,28.28,1.9,5.13,0,0,0,0,0,0
domestic,21,5,30.7,32.51,2.7,5.46,0,0,0,0,0,0
domestic,35,7,30.5,23.06,2.2,4.91,0,0,0,0,0,0
domestic,24,6,22.3,59.08,5.1,2.77,0,0,0,0,0,0
international,25,7,24.9,64.36,3.6,C,0,0,0,1,0,0
domestic,23,4,2.4,57.0,3.3,3.3,0,0,0,0,0,0
domestic,20,4,1.8,54.87,2.6,2.99,0,0,0,0,0,0
domestic,25,8,3.3,28.02,2.8,4.08,0,0,0,0,0,0
domestic,23,7,2.5,44.24,3.4,2.63,0,0,0,0,0,0
domestic,26,6,8.5,85.45,4.4,,1,0,1,1,1,1
domestic,27,4,16.3,66.93,5.7,5.51,1,1,0,1,1,0
domestic,23,3,50.9,66.93,7.8,5.94,1,1,0,1,1,1
domestic,24,7,12.5,31.7,2.4,3.47,0,0,0,0,0,0
domestic,33,9,11.5,49.43,3.6,5.13,0,0,0,0,0,0
domestic,25,4,5.1,33.04,4.2,5.42,0,0,0,0,0,0
domestic,22,8,8.4,32.76,5.3,4.46,0,0,0,0,0,0
international,21,2,20.5,59.53,3.6,3.3,0,0,0,1,0,0
domestic,35,8,8.9,56.43,3.2,5.22,0,0,0,0,0,0
domestic,21,4,10.9,73.43,5.2,3.58,0,1,1,1,1,1
international,25,4,33.8,66.85,6.2,,0,1,1,1,1,1
domestic,24,4,19.2,72.6,7.0,3.25,1,1,1,1,1,1
domestic,30,10,21.2,35.11,3.5,4.07,0,0,0,0,0,0
international,21,1,23.1,58.57,7.3,9.0,1,1,0,1,1,1
domestic,29,7,25.7,32.83,2.9,4.1,0,0,0,0,0,0
domestic,22,2,5.9,30.04,6.6,,0,1,0,0,0,0
international,21,0,4.2,71.87,4.0,49.2,1,1,1,1,1,1
domestic,28,7,26.6,30.25,4.8,4.59,0,0,0,0,0,0
domestic,30,9,9.4,18.54,2.8,3.57,0,0,0,0,0,0
international,22,2,28.2,81.55,7.7,5.1,1,1,1,1,1,1
domestic,23,3,13.1,64.23,4.3,4.2,0,0,0,0,0,0
domestic,26,5,5.1,43.8,4.7,3.37,0,0,0,0,0,0
domestic,24,3,20.5,45.76,5.4,5.08,0,0,0,0,0,0
domestic,23,2,14.5,53.47,6.6,5.65,1,1,0,0,1,0
domestic,29,9,22.7,60.54,4.3,3.42,0,0,0,0,0,0
domestic,27,2,15.9,37.51,2.0,4.43,0,0,0,0,0,0
domestic,27,4,25.3,64.31,5.7,4.94,1,1,0,1,1,0
domestic,28,10,1.7,64.42,2.1,2.16,0,0,0,0,0,0
international,30,6,21.3,57.5,4.9,5.0,0,0,0,1,1,0
domestic,31,4,12.3,63.91,4.6,4.57,0,0,0,0,0,0
domestic,24,7,25.4,33.39,2.7,5.78,0,0,0,0,0,0
domestic,25,7,13.4,75.67,7.9,3.88,1,1,1,1,1,1
domestic,26,8,15.7,57.07,4.0,5.02,0,0,0,0,0,0
domestic,26,8,5.3,51.2,6.4,4.35,1,0,0,0,0,0
domestic,26,8,26.1,51.85,4.5,,0,0,0,0,0,0
international,22,1,44.3,84.38,6.4,C,1,1,1,1,1,1
international,27,6,28.7,85.8,7.5,1.9,1,1,1,1,1,1
domestic,28,5,20.2,56.64,3.7,,0,0,0,0,0,0
domestic,31,8,15.7,43.13,6.1,3.72,0,0,0,0,0,0
domestic,21,1,6.0,78.59,8.0,5.55,1,1,1,1,1,1
domestic,22,6,18.8,72.27,8.4,2.59,0,1,1,1,1,1
domestic,21,6,12.5,57.53,2.7,4.81,0,0,0,0,0,0
international,31,8,48.7,50.14,7.0,5.9,0,0,0,0,0,0
international,34,5,13.6,71.73,5.6,2.1,0,0,1,1,1,0
domestic,26,8,30.9,56.7,5.4,,0,0,0,0,0,0
domestic,25,10,19.4,60.34,4.4,5.46,0,0,0,0,0,0
international,23,7,31.7,59.69,2.6,49.9,0,0,0,0,0,0
domestic,34,7,1.0,59.4,1.9,3.5,0,0,0,0,0,0
domestic,23,2,16.7,54.6,6.6,3.51,1,1,0,0,1,0
domestic,25,4,16.4,19.89,3.6,5.49,0,0,0,0,0,0
international,34,10,36.9,27.28,3.5,55.8,0,0,0,0,0,0
domestic,22,3,3.1,65.5,4.8,5.07,1,1,0,1,0,0
domestic,23,2,20.0,27.93,3.8,5.2,0,0,0,0,0,0
international,22,4,22.2,58.09,2.9,16.9,0,0,0,0,0,0
domestic,23,5,3.4,67.99,5.8,4.26,0,1,0,1,1,1
international,23,3,41.6,47.11,4.4,89.7,0,0,0,0,0,0
domestic,21,6,25.9,22.99,1.5,4.64,0,0,0,0,0,0
domestic,28,8,36.6,55.19,3.6,4.12,0,0,0,0,0,0
domestic,21,1,2.8,49.26,3.7,3.93,0,0,0,0,0,0
domestic,34,9,24.6,49.88,6.4,5.56,0,0,0,0,0,0
domestic,29,5,11.1,58.46,2.9,2.64,0,0,0,0,0,0
domestic,25,7,12.5,91.35,8.6,5.63,1,1,1,1,1,1
domestic,26,7,8.2,68.24,1.5,3.61,0,0,0,0,0,0
domestic,33,11,52.1,70.98,3.8,4.49,0,0,1,1,0,0
international,24,5,26.1,54.76,4.4,3.8,0,0,0,0,0,0
international,23,5,29.6,52.98,5.0,87.2,0,0,0,0,0,0
international,20,1,5.7,72.62,9.0,17.9,1,1,1,1,1,1
domestic,31,11,0.9,25.73,1.9,3.15,0,0,0,0,0,0
domestic,26,9,21.9,46.22,5.1,5.6,1,0,0,0,0,0
domestic,21,2,21.7,61.89,6.6,4.05,0,1,0,1,1,1
international,19,2,2.1,69.95,5.4,87.5,1,1,1,1,1,1
domestic,26,4,8.5,54.46,4.8,5.6,0,0,0,0,0,0
domestic,27,4,7.2,48.96,5.0,4.61,0,0,0,0,0,0
domestic,27,10,11.9,73.95,3.0,4.94,0,0,1,1,0,0
domestic,24,10,16.5,45.29,5.4,3.43,0,0,0,0,0,0
domestic,25,1,24.2,57.57,6.0,4.32,1,1,0,0,1,0
domestic,32,8,12.7,23.6,2.7,5.73,0,0,0,0,0,0
domestic,32,8,7.6,43.1,5.5,5.75,0,0,0,0,0,0
domestic,25,10,24.9,70.31,4.7,,0,0,1,1,0,0
domestic,29,7,21.7,49.94,4.5,4.27,0,0,0,0,0,0
domestic,21,6,7.0,39.63,4.2,4.59,0,0,0,0,0,0
domestic,31,9,9.9,33.76,3.9,5.16,0,0,0,0,0,0
domestic,20,0,14.7,32.18,3.5,4.59,0,0,0,0,0,0
domestic,29,4,15.5,73.25,5.8,4.83,1,1,1,1,1,1
domestic,26,6,4.5,36.84,5.0,5.54,0,0,0,0,0,0
international,29,6,24.4,62.99,6.4,2.2,1,1,0,1,1,0
international,25,6,8.9,60.89,6.6,4.8,1,1,0,1,1,0
domestic,27,8,30.6,54.46,4.0,,0,0,0,0,0,0
domestic,21,2,7.8,53.03,6.9,5.91,0,1,0,0,1,1
domestic,20,3,26.5,58.45,5.4,1.8,0,1,0,0,0,0
international,32,5,23.1,72.61,5.8,4.8,1,0,1,1,1,0
domestic,24,2,1.6,60.36,2.8,3.45,0,0,0,0,0,0
domestic,22,4,9.5,54.56,2.7,4.47,0,0,0,0,0,0
domestic,23,2,21.7,73.1,8.2,5.26,1,1,1,1,1,1
domestic,26,3,9.8,75.27,4.9,5.02,0,1,1,1,1,1
international,21,2,23.8,58.42,5.3,4.4,1,1,0,1,0,0
domestic,26,5,31.7,88.44,7.8,2.22,1,1,1,1,1,1
domestic,21,2,2.6,71.13,3.2,5.85,0,0,1,1,0,0
domestic,22,5,28.4,30.8,3.4,3.21,0,0,0,0,0,0
domestic,27,8,18.0,55.0,7.0,3.36,0,1,0,0,0,0
domestic,29,6,5.5,63.83,5.1,4.74,0,0,0,1,0,0
international,22,2,2.2,74.76,6.5,5.4,1,1,1,1,1,1
domestic,23,4,34.4,69.0,7.8,1.77,1,1,1,1,1,1
domestic,23,7,2.6,66.63,2.6,2.73,0,0,0,0,0,0
international,28,4,28.6,39.86,3.2,62.4,0,0,0,0,0,0
domestic,22,6,45.3,55.54,5.9,3.78,0,1,0,0,0,0
international,24,6,3.7,50.69,2.0,B,0,0,0,0,0,0
domestic,30,6,27.9,68.03,5.5,4.37,0,0,0,1,1,0
domestic,22,0,5.8,54.42,4.5,4.08,1,0,0,0,0,0
domestic,25,4,11.6,35.58,6.9,4.6,0,1,0,0,0,0
domestic,24,3,8.6,73.15,4.9,4.77,0,1,1,1,1,1
domestic,27,5,22.0,25.33,2.6,4.8,0,0,0,0,0,0
domestic,23,3,24.5,34.34,5.1,5.25,0,0,0,0,0,0
domestic,32,9,38.2,79.93,3.4,5.08,0,0,1,1,0,0
domestic,23,4,6.0,72.35,4.4,5.49,1,0,1,1,0,1
domestic,27,4,4.2,30.89,3.1,4.73,0,0,0,0,0,0
international,29,8,30.2,48.17,4.3,2.2,0,0,0,0,0,0
domestic,26,8,1.2,71.52,1.6,5.86,0,0,1,0,0,0
domestic,21,2,5.4,76.19,4.5,4.28,0,1,1,1,1,1
domestic,22,2,3.8,32.54,4.2,5.24,0,0,0,0,0,0
domestic,30,10,4.2,76.73,5.0,4.68,1,0,1,1,0,0
international,24,6,36.1,81.01,5.5,3.9,1,1,1,1,0,1
domestic,24,8,34.7,33.36,5.2,4.86,0,0,0,0,0,0
domestic,24,6,45.4,65.02,5.5,4.88,1,1,0,1,0,0
domestic,27,7,30.9,73.24,6.2,3.05,1,1,1,1,0,1
domestic,33,11,16.7,29.88,1.3,,0,0,0,0,0,0
domestic,27,3,13.6,33.31,5.7,3.44,0,0,0,0,0,0
domestic,26,7,7.8,20.71,2.2,2.47,0,0,0,0,0,0
domestic,21,4,24.5,64.04,6.3,4.75,1,1,0,1,1,1
domestic,26,2,30.8,60.81,6.6,5.21,1,1,0,1,0,1
domestic,20,4,1.1,52.26,3.9,3.06,0,0,0,0,0,0
domestic,26,6,4.8,52.25,3.8,4.47,0,0,0,0,0,0
domestic,26,8,36.1,34.88,4.3,2.75,0,0,0,0,0,0
domestic,23,8,12.2,37.49,1.6,3.94,0,0,0,0,0,0
domestic,23,3,0.6,57.45,5.7,3.19,1,1,0,0,1,0
domestic,28,5,5.9,73.65,6.1,3.19,1,1,1,1,1,1
international,36,10,34.1,54.99,6.3,9.2,0,0,0,1,0,0
international,22,2,26.8,72.49,7.1,3.7,1,1,1,1,1,1
domestic,24,6,32.1,44.05,3.1,5.66,0,0,0,0,0,0
domestic,23,1,28.1,66.6,8.1,2.48,1,1,0,1,1,1
domestic,25,2,38.2,66.31,7.6,3.42,1,1,0,1,1,1
domestic,25,6,7.7,42.77,6.8,2.88,1,1,0,0,0,0
domestic,22,1,5.1,67.7,4.1,5.71,0,0,0,1,1,1
domestic,24,6,26.6,37.01,3.6,4.27,0,0,0,0,0,0
domestic,23,6,13.0,37.36,3.0,3.26,0,0,0,0,0,0
domestic,23,5,7.2,48.43,2.7,3.45,0,0,0,0,0,0
domestic,23,5,49.3,40.45,6.9,5.95,0,1,0,0,0,0
domestic,21,0,2.2,72.91,5.9,5.36,1,1,1,1,1,1
international,23,7,17.8,76.95,7.8,,1,1,1,1,1,1
domestic,21,6,5.0,49.89,3.8,4.52,0,0,0,0,0,0
international,28,8,23.4,54.76,5.7,71.9,0,0,0,1,1,0
international,21,6,43.4,76.92,5.7,40.7,1,1,1,1,0,1
domestic,27,4,37.6,47.17,7.4,5.29,1,1,0,0,0,0
domestic,21,0,10.2,39.59,4.2,2.79,0,0,0,0,0,0
international,34,7,53.9,63.4,5.7,3.8,0,0,0,1,0,0
domestic,20,3,7.5,43.9,3.4,5.28,0,0,0,0,0,0
domestic,27,8,18.8,58.42,4.1,,0,0,0,0,0,0
international,21,5,21.2,48.97,4.0,A,0,0,0,0,0,0
domestic,31,8,1.1,69.26,1.3,4.77,0,0,1,0,0,0
international,26,6,52.0,59.64,5.4,9.2,1,0,0,1,0,0
domestic,26,6,18.0,9.21,2.6,5.71,0,0,0,0,0,0
domestic,37,11,29.2,45.85,4.5,,0,0,0,0,0,0
domestic,29,9,16.4,61.91,6.2,,0,0,0,1,0,0
domestic,21,5,38.0,38.96,6.9,5.65,0,1,0,0,0,0
domestic,28,9,9.5,61.04,5.7,3.82,0,0,0,0,0,0
international,30,5,36.1,56.82,5.4,70.7,0,0,0,1,0,0
international,20,4,28.9,50.1,7.1,3.1,0,1,0,0,0,0
domestic,25,1,27.0,49.69,5.4,4.42,1,0,0,0,1,0
international,20,4,40.6,35.84,5.8,50.4,0,0,0,0,0,0
domestic,21,1,19.7,77.09,5.3,4.5,1,1,1,1,1,1
domestic,29,11,2.8,25.38,1.1,3.72,0,0,0,0,0,0
domestic,31,5,48.2,54.31,7.2,,0,1,0,0,0,0
domestic,21,1,32.6,81.68,7.9,2.58,1,1,1,1,1,1
domestic,26,6,4.8,58.6,4.3,3.99,0,0,0,0,0,0
domestic,19,1,0.0,21.37,1.3,5.78,0,0,0,0,0,0
domestic,25,5,47.5,65.62,8.2,4.81,1,1,0,1,1,1
domestic,31,11,58.1,47.47,3.1,3.62,0,0,0,0,0,0
domestic,32,11,27.1,57.54,6.5,5.21,0,0,0,0,0,0
domestic,29,9,19.2,39.76,7.3,3.16,0,0,0,0,0,0
domestic,21,3,11.7,62.94,5.2,4.81,0,1,0,1,1,1
domestic,34,8,29.3,76.0,3.9,4.71,0,0,1,1,0,0
domestic,22,3,18.0,25.41,3.3,4.36,0,0,0,0,0,0
domestic,20,1,12.6,59.12,6.5,4.55,1,1,0,0,1,1
domestic,27,7,57.1,68.03,2.3,5.81,0,0,0,0,0,0
domestic,30,9,17.6,37.94,3.6,,0,0,0,0,0,0
international,30,2,30.7,78.28,7.4,8.0,1,1,1,1,1,1
international,22,1,52.2,89.82,6.6,8.4,1,1,1,1,1,1
domestic,26,7,40.4,88.5,6.1,2.53,1,1,1,1,0,1
domestic,20,4,2.9,63.35,5.7,3.03,1,1,0,1,1,1
international,25,4,18.5,79.27,5.5,3.8,0,1,1,1,1,1
domestic,29,10,41.9,28.6,2.4,4.92,0,0,0,0,0,0
domestic,28,7,45.5,79.7,6.3,5.31,1,1,1,1,0,1
domestic,31,10,10.6,31.49,1.1,5.55,0,0,0,0,0,0
domestic,23,2,2.5,59.42,2.6,2.91,0,0,0,0,0,0
domestic,23,6,9.1,63.58,5.0,4.24,0,0,0,1,0,0
domestic,24,2,12.6,75.17,7.1,3.97,1,1,1,1,1,1
international,27,7,26.3,39.76,2.7,3.2,0,0,0,0,0,0
domestic,30,5,21.1,29.27,3.5,,0,0,0,0,0,0
domestic,28,11,3.6,53.78,2.3,4.45,0,0,0,0,0,0
international,33,7,46.4,51.5,3.9,1.5,0,0,0,0,0,0
domestic,31,9,17.9,47.39,3.1,4.8,0,0,0,0,0,0
domestic,36,9,16.0,59.67,4.7,3.89,0,0,0,0,0,0
international,21,4,11.2,85.45,7.4,3.8,1,1,1,1,1,1
domestic,21,6,12.1,73.92,2.8,4.68,0,0,1,1,0,0
domestic,29,2,23.8,76.2,4.1,4.47,1,0,1,1,1,0
domestic,24,3,8.2,42.72,3.3,3.39,0,0,0,0,0,0
domestic,26,2,9.3,59.17,6.8,4.26,1,1,0,1,1,1
international,25,5,9.1,64.95,2.2,65.1,0,0,0,1,0,0
domestic,21,1,11.7,63.43,7.6,5.84,1,1,0,1,1,1
domestic,23,6,3.0,84.32,2.5,4.28,0,0,1,1,0,0
domestic,28,5,17.7,33.35,4.1,5.5,0,0,0,0,0,0
domestic,23,5,30.6,47.25,6.4,3.62,1,1,0,0,0,0
domestic,25,7,26.7,45.42,3.6,5.35,0,0,0,0,0,0
domestic,31,8,17.6,54.54,2.7,3.96,0,0,0,0,0,0
international,32,11,49.4,43.77,4.0,B,0,0,0,0,0,0
domestic,27,9,0.8,60.78,3.7,4.56,0,0,0,0,0,0
domestic,28,4,35.8,60.6,5.3,4.8,0,0,0,0,0,0
domestic,23,4,23.9,36.01,4.1,3.49,0,0,0,0,0,0
domestic,25,4,1.6,63.38,6.1,5.44,1,1,0,1,1,1
domestic,26,4,14.4,48.99,6.3,5.05,1,1,0,0,0,0
domestic,28,5,8.8,54.03,2.3,5.55,0,0,0,0,0,0
domestic,29,5,2.8,27.37,3.0,5.24,0,0,0,0,0,0
domestic,25,0,4.7,42.28,5.7,4.53,0,0,0,0,1,0
international,28,2,38.0,76.89,5.5,7.5,1,1,1,1,1,1
domestic,27,5,21.3,42.15,4.6,4.6,0,0,0,0,0,0
domestic,26,10,6.7,73.04,4.6,2.89,0,0,1,1,0,0
domestic,19,2,2.9,47.96,4.1,4.76,0,0,0,0,0,0
domestic,22,7,21.5,88.89,5.7,3.26,1,1,1,1,1,1
domestic,35,6,20.5,40.9,3.6,5.83,0,0,0,0,0,0
domestic,22,8,9.4,75.18,4.4,5.17,1,0,1,1,0,0
domestic,28,8,18.9,56.1,6.1,4.14,1,0,0,0,0,0
domestic,20,1,4.3,37.31,5.7,3.47,0,1,0,0,0,0
international,22,3,55.5,60.98,6.6,,0,1,0,1,0,1
domestic,32,9,43.8,36.41,5.5,5.4,0,0,0,0,0,0
domestic,22,5,55.0,61.04,7.9,4.35,0,1,0,1,0,1
domestic,20,4,3.9,58.02,7.6,3.78,1,1,0,1,1,1
domestic,27,7,11.1,36.65,4.1,5.4,0,0,0,0,0,0
domestic,33,9,36.9,40.89,5.6,5.46,0,0,0,0,0,0
international,21,6,62.9,77.77,5.5,8.5,1,1,1,1,0,1
domestic,19,1,28.2,76.23,6.2,3.71,0,1,1,1,1,1
domestic,23,7,14.1,76.1,4.9,5.47,0,1,1,1,0,1
domestic,22,3,12.7,55.73,6.0,3.62,0,1,0,0,1,0
domestic,25,3,31.2,81.12,8.9,4.17,1,1,1,1,1,1
international,25,3,10.5,61.42,3.3,82.5,0,0,0,1,1,0
international,27,3,21.2,74.32,7.6,4.7,1,1,1,1,1,1
domestic,29,8,16.8,59.08,4.8,4.76,0,0,0,0,0,0
domestic,27,6,20.6,53.99,5.0,4.88,0,0,0,0,0,0
domestic,36,11,20.1,69.12,5.9,4.53,0,0,1,1,0,0
domestic,29,10,31.8,34.11,1.9,4.77,0,0,0,0,0,0
international,25,7,29.7,71.77,4.6,6.0,1,0,1,1,1,0
domestic,19,1,3.5,68.96,6.0,5.12,1,1,1,1,1,1
domestic,26,2,5.9,54.54,5.4,4.47,0,0,0,0,1,0
domestic,20,4,14.4,85.73,7.5,3.53,1,1,1,1,1,1
international,28,5,25.8,74.85,5.3,F,1,1,1,1,1,0
domestic,25,6,10.9,59.35,7.7,5.11,1,1,0,1,1,1
domestic,34,10,13.6,22.49,2.7,3.59,0,0,0,0,0,0
domestic,25,4,14.1,47.28,5.5,3.05,0,0,0,0,0,0
domestic,30,5,47.8,89.21,7.3,2.72,1,1,1,1,1,1
international,21,6,34.8,82.45,6.9,84.8,1,1,1,1,0,1
domestic,28,6,19.9,32.92,0.9,4.14,0,0,0,0,0,0
domestic,24,6,7.5,51.45,3.7,4.33,1,0,0,0,0,0
domestic,28,6,8.8,40.14,3.4,4.65,0,0,0,0,0,0
international,24,3,31.0,77.19,6.5,5.8,1,1,1,1,0,1
domestic,28,8,27.9,32.92,3.7,3.86,0,0,0,0,0,0
domestic,29,10,12.0,63.08,4.9,2.62,0,0,0,0,0,0
domestic,32,7,11.8,36.85,5.0,3.08,0,0,0,0,0,0
domestic,22,6,15.1,52.38,3.6,3.09,0,0,0,0,0,0
domestic,21,4,17.8,60.31,5.9,5.27,0,1,0,0,1,0
domestic,20,1,25.3,63.66,7.7,3.46,1,1,0,1,1,1
international,33,10,41.9,76.98,4.5,72.1,1,0,1,1,0,0
domestic,24,4,9.5,66.53,3.1,3.42,0,0,0,0,0,0
domestic,30,8,17.9,41.04,4.7,3.63,0,0,0,0,0,0
domestic,23,2,38.2,39.57,7.7,4.95,0,1,0,0,0,0
domestic,22,7,14.4,60.06,3.9,5.77,0,0,0,0,0,0
international,22,4,13.0,85.44,6.9,3.2,1,1,1,1,1,1
international,24,3,9.7,69.08,7.0,53.0,1,1,1,1,1,1
domestic,22,3,13.1,62.02,6.4,2.76,1,1,0,1,1,1
domestic,29,8,9.4,57.0,2.8,4.99,0,0,0,0,0,0
domestic,27,4,5.6,60.71,4.4,5.24,0,0,0,0,0,0
international,22,8,37.3,37.99,3.6,1.8,0,0,0,0,0,0
domestic,25,3,2.3,54.04,3.9,1.47,0,0,0,0,0,0
domestic,26,3,34.4,48.97,6.8,4.66,1,1,0,0,0,0
domestic,23,4,22.8,60.39,3.8,4.33,0,0,0,0,0,0
international,22,1,4.3,83.54,8.0,4.0,1,1,1,1,1,1
domestic,24,4,3.2,58.41,5.3,4.11,0,0,0,0,0,0
domestic,26,5,29.9,37.91,4.0,4.73,0,0,0,0,0,0
international,26,11,45.7,78.48,6.8,,1,1,1,1,0,1
domestic,30,5,2.2,58.14,5.5,4.98,0,0,0,0,0,0
international,27,6,27.5,69.89,6.9,65.7,1,1,1,1,1,1
domestic,28,9,40.8,72.0,6.9,3.79,1,1,1,1,0,1
international,22,8,32.0,41.12,4.8,2.6,0,0,0,0,0,0
domestic,21,3,1.1,86.89,5.5,3.55,1,1,1,1,1,1
domestic,30,7,6.8,23.47,3.6,,0,0,0,0,0,0
international,23,1,25.4,62.84,7.1,2.7,1,1,0,1,1,1
domestic,20,1,14.2,76.2,6.5,3.35,1,1,1,1,1,1
domestic,20,4,5.7,47.93,3.4,3.68,0,0,0,0,0,0
domestic,27,5,36.4,63.45,6.3,4.28,0,1,0,1,0,0
international,21,3,36.7,78.35,6.3,B,1,1,1,1,0,1
domestic,20,3,5.4,54.44,5.5,3.91,1,1,0,0,0,0
domestic,23,6,4.0,39.82,2.0,4.81,0,0,0,0,0,0
domestic,28,4,18.4,68.67,7.8,5.15,1,1,1,1,1,1
international,23,1,1.3,55.66,4.6,6.0,0,0,0,0,0,0
domestic,35,6,12.4,15.74,4.1,5.05,0,0,0,0,0,0
domestic,20,2,27.0,86.48,7.3,5.66,1,1,1,1,1,1
domestic,23,4,13.8,83.79,5.3,4.74,1,1,1,1,1,1
domestic,21,2,4.8,41.54,5.0,4.95,0,0,0,0,0,0
domestic,24,6,8.0,41.98,5.3,4.54,0,0,0,0,0,0
domestic,19,1,14.9,86.05,8.3,5.85,1,1,1,1,1,1
domestic,30,10,43.9,34.2,4.0,5.91,0,0,0,0,0,0
domestic,30,6,3.1,75.6,3.3,4.48,1,0,1,1,0,0
domestic,25,5,30.6,63.91,4.4,3.48,0,0,0,0,0,0
international,24,3,30.9,67.98,6.3,9.7,1,1,1,1,0,1
domestic,25,2,19.7,47.0,5.0,4.25,0,0,0,0,0,0
domestic,24,6,12.4,64.91,6.3,3.88,1,1,0,1,1,1
domestic,23,4,4.3,56.62,6.3,4.95,1,1,0,0,1,0
domestic,27,7,34.6,66.32,7.6,2.01,1,1,0,1,0,1
international,23,4,39.3,64.96,2.3,62.7,1,0,0,1,0,0
international,27,7,39.9,49.25,4.9,1.2,1,0,0,0,0,0
domestic,22,4,16.9,74.54,6.5,5.38,1,1,1,1,1,1
domestic,28,9,34.7,48.72,4.8,4.84,0,0,0,0,0,0
domestic,35,11,44.5,30.35,4.0,,0,0,0,0,0,0
international,21,3,4.1,96.79,7.5,B,1,1,1,1,1,1
domestic,30,6,26.4,43.3,6.2,4.59,0,0,0,0,0,0
domestic,26,3,15.1,52.01,3.3,3.17,0,0,0,0,0,0
international,24,5,48.9,49.84,4.0,2.2,0,0,0,0,0,0
domestic,31,5,56.9,53.02,6.5,3.26,0,0,0,0,0,0
domestic,23,4,12.3,60.9,4.9,2.6,0,0,0,0,0,0
international,26,6,29.3,51.25,3.6,82.8,0,0,0,0,0,0
domestic,32,9,13.6,38.91,3.1,4.02,0,0,0,0,0,0
international,30,6,21.3,67.23,4.0,A,1,0,1,1,1,0
domestic,33,7,23.3,50.25,5.7,4.86,0,0,0,0,0,0
domestic,21,1,21.9,62.58,5.7,5.01,1,1,0,1,1,1
domestic,26,5,17.6,54.76,3.8,4.68,0,0,0,0,0,0
domestic,23,5,16.0,22.17,5.8,5.11,0,0,0,0,0,0
domestic,24,1,6.4,78.39,6.2,4.5,0,1,1,1,1,1
domestic,24,3,12.7,72.95,7.0,3.14,1,1,1,1,1,1
domestic,24,6,47.7,73.17,8.2,5.31,1,1,1,1,1,1
domestic,20,3,4.7,8.67,4.0,4.51,0,0,0,0,0,0
international,27,6,9.0,78.48,8.4,B,1,1,1,1,1,1
international,25,6,54.8,49.57,4.8,2.3,1,0,0,0,0,0
international,27,5,23.5,39.57,3.9,,0,0,0,0,0,0
international,23,2,18.5,45.52,6.0,A,1,1,0,0,0,0
domestic,22,4,0.3,78.18,6.9,3.44,1,1,1,1,1,1
domestic,32,9,34.5,71.53,8.3,4.32,1,1,1,1,0,1
domestic,36,11,58.5,49.68,5.1,5.35,0,0,0,0,0,0
international,23,2,69.0,35.83,7.6,54.3,0,1,0,0,0,0
domestic,25,1,10.0,33.18,4.4,4.95,0,0,0,0,0,0
domestic,20,4,31.6,27.99,3.9,5.17,0,0,0,0,0,0
domestic,39,11,7.8,44.31,1.2,3.42,0,0,0,0,0,0
domestic,32,8,18.5,67.29,7.7,3.07,1,1,0,1,1,0
domestic,21,3,21.4,60.26,6.8,4.49,1,1,0,1,1,1
domestic,35,10,3.8,47.94,4.0,5.08,0,0,0,0,0,0
domestic,33,6,7.4,69.87,3.9,3.68,0,0,1,1,0,0
domestic,30,5,4.4,34.12,4.4,5.05,0,0,0,0,0,0
domestic,22,1,21.9,41.04,6.5,4.97,0,1,0,0,0,0
domestic,27,4,19.5,20.51,2.6,5.42,0,0,0,0,0,0
domestic,33,9,18.0,43.13,3.7,5.47,0,0,0,0,0,0
domestic,31,11,8.6,14.05,1.3,4.22,0,0,0,0,0,0
domestic,23,7,30.7,42.06,6.6,5.4,0,1,0,0,0,0
international,20,2,27.3,88.43,5.3,4.9,1,1,1,1,1,1
domestic,22,2,10.2,70.86,6.8,5.65,1,1,1,1,1,1
international,23,5,36.3,84.93,5.6,53.9,1,1,1,1,0,1
domestic,21,4,2.5,40.84,3.9,4.4,0,0,0,0,0,0
domestic,27,4,0.3,39.78,4.7,5.23,0,0,0,0,0,0
domestic,28,1,13.2,68.5,5.4,5.36,1,1,1,1,1,1
international,28,5,42.1,81.18,7.6,5.0,1,1,1,1,1,1
domestic,21,3,22.5,47.1,4.8,3.53,0,0,0,0,0,0
domestic,31,5,18.7,48.72,5.3,5.66,0,0,0,0,0,0
domestic,22,4,45.1,65.98,7.9,4.03,0,1,0,1,0,1
domestic,34,11,11.8,53.77,6.1,2.44,0,0,0,0,0,0
domestic,21,5,11.4,68.5,5.1,5.48,1,1,1,1,0,1
domestic,23,6,1.6,77.43,2.3,3.92,0,0,1,1,0,0
domestic,26,6,22.9,53.49,7.2,5.13,1,1,0,0,1,0
domestic,28,5,33.1,48.33,4.7,2.89,0,0,0,0,0,0
domestic,22,3,2.3,56.27,4.5,5.5,0,0,0,0,0,0
domestic,23,2,19.3,52.02,4.1,4.1,1,0,0,0,0,0
international,24,11,28.9,46.49,3.7,8.5,0,0,0,0,0,0
domestic,29,5,14.1,64.02,4.9,3.96,1,0,0,1,0,0
domestic,23,7,45.5,54.92,4.4,2.81,0,0,0,0,0,0
domestic,34,8,50.2,36.04,4.2,5.74,0,0,0,0,0,0
international,27,5,56.6,59.88,6.4,B,0,1,0,1,0,0
domestic,22,4,33.2,56.13,7.5,4.08,1,1,0,0,0,1
domestic,26,8,20.2,48.5,2.1,4.92,0,0,0,0,0,0
domestic,30,9,19.5,74.84,3.7,4.39,0,0,1,1,0,0
domestic,34,11,61.3,30.57,3.5,4.94,0,0,0,0,0,0
domestic,29,4,26.1,41.43,4.5,5.67,0,0,0,0,0,0
domestic,28,2,12.3,27.72,3.0,5.11,0,0,0,0,0,0
domestic,27,3,1.8,64.51,4.7,5.79,0,0,0,1,1,0
domestic,34,10,2.5,58.84,1.7,5.58,0,0,0,0,0,0
international,34,11,20.3,52.39,1.9,C,0,0,0,0,0,0
domestic,35,10,14.6,41.63,2.3,5.79,0,0,0,0,0,0
domestic,28,6,10.9,49.58,4.5,4.76,0,0,0,0,0,0
domestic,23,3,20.6,51.95,5.0,4.23,0,0,0,0,0,0
domestic,25,6,1.4,58.21,4.8,4.01,1,0,0,0,0,0
domestic,23,6,31.4,42.51,5.6,5.54,0,0,0,0,0,0
domestic,20,2,2.6,66.41,3.2,4.43,0,0,0,0,0,0
domestic,36,8,16.5,25.81,1.6,5.73,0,0,0,0,0,0
international,25,2,20.9,56.3,6.3,95.1,1,1,0,1,1,0
domestic,27,6,2.2,36.42,5.0,5.77,0,0,0,0,0,0
domestic,26,6,4.3,54.34,4.7,5.88,0,0,0,0,0,0
international,30,8,38.4,46.47,6.6,82.9,0,0,0,0,0,0
domestic,27,5,30.1,48.08,6.2,5.26,0,0,0,0,0,0
domestic,31,10,43.2,42.98,5.8,4.98,0,0,0,0,0,0
international,31,9,33.8,74.98,1.9,C,0,0,1,1,0,0
domestic,22,7,12.7,70.96,5.8,4.93,0,1,1,1,1,1
international,30,7,41.4,60.28,4.8,A,0,0,0,1,0,0
domestic,33,10,19.2,69.09,3.4,5.7,0,0,1,1,0,0
domestic,22,4,0.2,50.87,5.6,5.25,1,1,0,0,0,0
domestic,28,6,1.4,61.84,3.0,4.91,0,0,0,0,0,0
domestic,20,2,21.9,84.47,7.5,2.38,1,1,1,1,1,1
domestic,26,1,0.6,58.11,5.3,4.69,1,1,0,0,1,0
domestic,32,10,36.4,27.06,2.7,3.45,0,0,0,0,0,0
domestic,21,1,2.6,54.25,5.4,3.66,1,1,0,0,1,0
international,26,5,14.1,82.71,6.4,6.3,1,1,1,1,1,1
international,21,1,23.6,67.2,8.0,3.4,1,1,1,1,1,1
domestic,24,4,27.6,41.17,6.2,4.92,0,0,0,0,0,0
domestic,28,10,29.9,82.9,6.4,3.03,1,1,1,1,1,1
domestic,27,6,2.8,44.55,2.6,3.65,0,0,0,0,0,0
domestic,27,8,34.4,68.1,3.6,5.1,0,0,0,1,0,0
domestic,20,3,10.8,66.98,5.8,4.04,1,1,0,1,1,1
domestic,20,2,40.9,70.34,6.5,5.93,1,1,1,1,0,1
international,27,7,62.2,68.27,5.6,B,1,0,1,1,0,0
domestic,31,3,8.8,38.68,5.4,4.66,0,0,0,0,0,0
domestic,26,2,9.6,56.19,5.1,2.63,1,0,0,0,1,0
domestic,28,7,41.6,44.56,4.7,5.67,0,0,0,0,0,0
domestic,33,11,6.2,28.39,3.5,4.36,0,0,0,0,0,0
international,28,3,18.3,50.07,4.4,8.0,0,0,0,0,1,0
domestic,20,1,6.1,27.96,6.7,5.03,1,1,0,0,0,0
international,22,2,20.1,55.69,6.2,5.5,1,1,0,1,0,0
domestic,30,9,13.2,78.61,6.5,5.35,1,1,1,1,1,1
domestic,24,8,7.2,37.71,4.8,,0,0,0,0,0,0
international,22,8,17.1,77.88,6.3,A,1,1,1,1,1,1
domestic,25,1,23.1,55.69,7.3,3.22,1,1,0,0,1,1
domestic,24,2,4.9,67.99,6.2,3.43,1,1,0,1,1,1
international,31,8,4.2,82.41,5.0,34.5,0,0,1,1,1,0
international,34,10,59.1,60.58,3.5,2.0,0,0,0,1,0,0
domestic,25,3,9.8,72.7,4.3,5.51,0,0,1,1,1,0
domestic,24,5,6.3,50.36,1.5,3.35,0,0,0,0,0,0
domestic,29,8,37.4,35.29,4.7,5.83,0,0,0,0,0,0
domestic,24,6,19.4,42.72,6.9,5.16,0,1,0,0,0,0
international,21,4,18.2,80.53,5.2,6.1,1,1,1,1,1,1
domestic,28,5,14.3,42.59,2.9,3.9,0,0,0,0,0,0
domestic,30,8,0.2,25.5,1.8,3.62,0,0,0,0,0,0
international,29,9,39.9,59.97,5.3,C,0,0,0,1,0,0
domestic,23,1,22.5,58.93,3.9,5.19,0,0,0,0,0,0
domestic,31,5,14.8,44.41,3.0,4.28,0,0,0,0,0,0
domestic,24,7,14.0,67.7,4.9,2.67,0,0,0,1,0,0
domestic,20,3,25.7,63.22,7.5,4.97,1,1,0,1,1,1
international,26,7,59.6,47.42,6.2,3.9,0,0,0,0,0,0
international,23,9,35.9,56.17,6.0,7.8,1,1,0,1,0,0
international,23,5,18.8,54.03,5.6,8.7,1,1,0,1,0,0
international,22,4,56.6,72.88,5.2,6.3,1,1,1,1,0,1
international,21,1,18.8,84.67,8.2,A,1,1,1,1,1,1
international,30,6,43.5,85.6,8.8,63.8,1,1,1,1,1,1
domestic,27,4,20.5,60.45,5.5,4.09,1,0,0,0,1,0
domestic,28,6,17.3,50.43,5.2,4.27,0,0,0,0,0,0
domestic,30,1,16.6,48.65,5.6,3.61,0,0,0,0,1,0
international,26,6,20.0,72.92,7.9,68.1,1,1,1,1,1,1
domestic,27,7,16.4,45.96,3.1,4.07,0,0,0,0,0,0
domestic,29,8,18.8,66.22,4.5,5.1,1,0,0,1,0,0
domestic,23,5,8.9,34.85,4.6,5.97,0,0,0,0,0,0
international,23,0,44.9,68.64,9.2,58.6,1,1,1,1,1,1
international,23,4,37.5,55.96,7.8,76.2,1,1,0,1,0,1
international,22,7,7.6,72.89,3.3,A,0,0,1,1,0,0
international,22,3,28.6,70.76,6.9,1.7,1,1,1,1,1,1
domestic,22,3,16.0,66.83,5.0,4.84,1,1,0,1,1,1
international,23,3,10.2,46.9,3.2,4.9,0,0,0,0,0,0
domestic,33,8,46.8,20.25,4.9,3.4,0,0,0,0,0,0
international,20,3,19.7,71.95,5.5,A,1,1,1,1,1,1
domestic,30,5,18.6,66.29,3.8,3.67,0,0,0,1,0,0
international,25,8,0.9,77.12,5.0,3.5,1,1,1,1,1,1
international,22,8,12.3,76.48,5.3,,1,1,1,1,0,1
domestic,28,7,3.2,43.13,7.4,3.59,0,1,0,0,0,0
domestic,30,7,18.6,65.98,6.4,4.7,1,1,0,1,1,0
domestic,21,4,20.8,51.99,3.7,4.14,1,0,0,0,0,0
international,21,5,13.8,76.66,3.1,77.0,0,0,1,1,0,0
international,24,2,55.0,60.91,6.9,B,1,1,0,1,0,1
domestic,29,5,47.7,40.45,4.3,5.22,0,0,0,0,0,0
domestic,35,8,33.9,42.75,3.0,5.16,0,0,0,0,0,0
domestic,33,5,28.5,62.58,4.9,4.99,0,0,0,0,0,0
domestic,22,3,7.2,73.81,4.9,5.23,0,1,1,1,1,1
domestic,32,5,12.0,55.92,3.6,5.3,0,0,0,0,0,0
international,29,8,49.7,52.97,5.4,9.9,0,0,0,0,0,0
international,36,9,33.0,78.88,5.4,4.0,0,0,1,1,0,0
domestic,27,6,11.8,64.59,4.3,3.98,0,0,0,0,0,0
domestic,22,7,17.4,16.91,4.7,5.45,0,0,0,0,0,0
domestic,19,2,42.5,68.9,7.9,4.17,1,1,1,1,1,1
domestic,23,7,10.2,48.97,5.0,5.04,0,0,0,0,0,0
domestic,23,7,0.7,50.03,3.0,3.5,0,0,0,0,0,0
domestic,21,1,3.6,44.15,4.3,2.18,0,0,0,0,0,0
domestic,21,4,14.2,34.26,5.9,5.83,0,0,0,0,0,0
domestic,28,4,6.2,55.24,3.0,,0,0,0,0,0,0
international,35,11,35.6,46.37,2.7,4.7,0,0,0,0,0,0
domestic,22,2,31.6,51.93,6.9,5.13,0,1,0,0,0,0
international,26,7,29.9,47.12,4.4,5.8,0,0,0,0,0,0
domestic,21,2,23.6,73.25,6.7,4.44,1,1,1,1,1,1
domestic,27,7,17.4,54.23,5.1,5.22,0,0,0,0,0,0
domestic,30,10,15.0,15.89,1.3,3.9,0,0,0,0,0,0
international,21,4,6.5,72.96,5.6,80.4,1,1,1,1,1,1
domestic,23,5,5.5,64.11,4.4,4.64,0,0,0,0,0,0
international,20,2,13.9,78.44,7.7,37.3,1,1,1,1,1,1
domestic,32,7,9.4,33.54,1.0,5.36,0,0,0,0,0,0
domestic,21,1,23.0,75.82,7.5,2.69,1,1,1,1,1,1
domestic,31,8,11.1,34.12,3.5,4.43,0,0,0,0,0,0
domestic,24,4,22.8,65.51,7.6,4.13,1,1,0,1,1,1
domestic,21,3,1.5,44.9,5.5,2.62,0,0,0,0,0,0
international,27,7,27.9,64.55,5.2,92.0,0,0,0,1,1,0
domestic,22,4,4.1,34.96,5.3,5.4,0,0,0,0,0,0
international,26,6,64.4,46.79,3.5,2.5,0,0,0,0,0,0
international,32,9,26.5,81.51,4.7,5.6,1,0,1,1,1,0
domestic,23,2,11.5,56.43,5.2,4.87,1,1,0,0,0,0
domestic,23,7,16.6,43.03,2.7,4.79,0,0,0,0,0,0
domestic,24,6,15.6,72.77,4.9,2.7,1,1,1,1,0,0
domestic,26,7,13.9,73.47,3.8,5.17,1,0,1,1,0,0
international,20,2,28.5,89.73,9.1,3.1,1,1,1,1,1,1
domestic,31,4,41.0,38.96,5.8,4.84,0,0,0,0,0,0
domestic,22,4,22.3,40.86,5.5,4.89,0,0,0,0,0,0
domestic,22,6,7.6,31.49,4.6,5.03,0,0,0,0,0,0
domestic,26,3,28.3,54.37,6.6,4.58,1,1,0,0,1,0
domestic,22,3,17.8,67.33,8.0,5.06,1,1,0,1,1,1
domestic,33,6,19.9,36.95,4.1,,0,0,0,0,0,0
domestic,28,6,15.7,55.42,4.3,4.98,0,0,0,0,0,0
international,35,10,39.5,63.48,3.8,B,0,0,0,1,0,0
domestic,23,5,14.3,79.03,4.1,1.95,1,0,1,1,0,1
domestic,32,5,41.6,64.41,5.7,4.38,0,0,0,1,0,0
domestic,22,6,18.1,48.74,4.7,4.29,0,0,0,0,0,0
international,26,7,43.2,31.66,8.4,62.9,1,1,0,0,0,0
domestic,35,8,9.1,64.62,2.1,5.37,0,0,0,0,0,0
domestic,25,2,13.5,54.75,4.9,4.04,0,0,0,0,0,0
domestic,32,8,22.3,56.91,3.6,5.39,0,0,0,0,0,0
domestic,36,8,50.7,20.33,3.9,3.13,0,0,0,0,0,0
domestic,27,8,23.7,39.9,2.9,,0,0,0,0,0,0
domestic,31,9,51.7,42.55,3.4,2.92,0,0,0,0,0,0
domestic,30,6,6.7,66.29,3.7,,0,0,0,0,0,0
domestic,21,4,10.8,72.87,5.4,3.64,0,1,1,1,1,1
domestic,31,5,54.0,56.28,5.6,4.17,0,0,0,0,0,0
domestic,27,5,25.9,71.4,7.9,5.42,1,1,1,1,1,1
international,32,10,37.4,41.37,3.7,64.6,0,0,0,0,0,0
domestic,29,2,10.5,62.52,5.9,4.2,0,1,0,1,1,0
domestic,27,3,44.2,71.77,8.1,4.71,1,1,1,1,1,1
domestic,24,7,12.8,42.01,1.8,4.52,0,0,0,0,0,0
domestic,24,2,1.2,45.62,5.5,2.64,1,0,0,0,0,0
domestic,26,3,17.2,63.9,3.6,4.03,0,0,0,0,0,0
domestic,24,5,7.3,28.06,2.8,5.9,0,0,0,0,0,0
international,32,6,21.3,43.28,3.4,,0,0,0,0,0,0
domestic,29,10,20.6,80.62,6.8,4.92,1,1,1,1,1,1
domestic,20,2,34.3,56.92,8.4,5.33,1,1,0,1,1,1
domestic,34,8,6.6,37.61,2.4,5.55,0,0,0,0,0,0
domestic,22,0,17.4,63.36,5.8,4.35,1,1,0,1,1,1
domestic,32,5,29.8,70.14,6.7,5.55,0,1,1,1,1,0
domestic,29,6,38.7,43.03,7.4,3.45,1,1,0,0,0,0
international,25,8,43.6,54.98,3.8,83.5,0,0,0,0,0,0
domestic,22,3,6.9,86.77,6.5,5.37,1,1,1,1,1,1
domestic,23,8,5.0,64.79,4.4,4.47,0,0,0,1,0,0
domestic,26,4,6.7,74.51,7.3,5.58,1,1,1,1,1,1
international,32,8,4.3,40.93,3.7,A,0,0,0,0,0,0
domestic,26,7,8.2,28.49,3.1,4.53,0,0,0,0,0,0
domestic,27,5,2.7,88.54,6.2,2.03,1,1,1,1,1,1
domestic,23,6,19.0,65.1,3.4,3.14,0,0,0,0,0,0
domestic,32,9,12.4,62.26,4.0,5.18,0,0,0,0,0,0
domestic,20,2,15.5,80.45,6.2,5.71,1,1,1,1,1,1
international,19,2,6.4,87.38,7.6,1.2,1,1,1,1,1,1
domestic,24,4,23.5,46.75,5.7,2.93,0,0,0,0,0,0
domestic,29,7,29.9,67.8,6.5,4.69,1,1,0,1,1,0
international,25,5,14.2,72.2,4.2,6.6,0,0,1,1,1,0
domestic,25,7,25.1,68.13,6.0,5.83,0,1,0,1,1,0
domestic,23,5,13.0,40.23,3.7,4.16,0,0,0,0,0,0
domestic,21,3,31.0,40.41,3.6,5.18,0,0,0,0,0,0
international,25,9,11.1,78.02,5.6,7.3,1,1,1,1,1,1
domestic,27,11,25.9,52.94,4.0,3.04,0,0,0,0,0,0
domestic,21,2,16.8,53.5,7.9,4.18,1,1,0,0,1,1
domestic,21,4,9.4,80.35,7.2,5.11,1,1,1,1,1,1
domestic,22,6,56.5,61.03,4.8,5.29,0,0,0,0,0,0
domestic,24,6,4.0,44.9,3.5,4.95,0,0,0,0,0,0
international,21,2,43.7,87.32,7.1,96.2,1,1,1,1,1,1
domestic,35,11,16.1,35.11,3.1,2.05,0,0,0,0,0,0
domestic,24,6,1.9,61.39,5.1,2.23,0,0,0,0,0,0
domestic,30,6,17.7,26.59,0.7,3.94,0,0,0,0,0,0
domestic,25,6,9.1,48.59,4.3,4.65,0,0,0,0,0,0
domestic,22,1,24.7,39.06,7.4,3.77,1,1,0,0,1,0
domestic,24,7,7.2,33.98,3.4,5.03,0,0,0,0,0,0
international,25,5,24.4,80.38,4.4,60.2,1,0,1,1,1,1
domestic,36,10,44.6,37.93,3.2,5.12,0,0,0,0,0,0
domestic,25,3,30.7,50.41,6.6,5.2,0,1,0,0,0,0
domestic,32,8,12.1,71.44,2.9,5.79,0,0,1,1,0,0
domestic,24,8,22.4,59.03,7.4,,0,1,0,1,1,0
domestic,21,1,2.9,63.69,5.3,2.8,0,1,0,1,1,1
domestic,26,6,49.6,62.12,4.8,4.96,1,0,0,0,0,0
domestic,23,4,2.4,74.39,3.4,4.14,0,0,1,1,0,0
domestic,30,9,29.0,56.78,7.0,5.13,1,1,0,0,0,0
international,21,4,7.7,77.73,6.9,3.7,1,1,1,1,1,1
international,26,5,37.9,78.08,7.0,4.8,1,1,1,1,1,1
domestic,32,9,9.1,48.59,3.7,4.62,0,0,0,0,0,0
domestic,21,6,14.7,77.6,7.2,5.78,1,1,1,1,1,1
domestic,29,10,19.8,62.66,3.1,5.11,0,0,0,0,0,0
domestic,28,2,5.7,50.5,5.7,3.06,0,0,0,0,1,0
international,30,4,28.7,68.88,5.0,90.5,0,0,1,1,1,0
domestic,22,2,60.1,54.59,6.9,3.06,1,1,0,0,0,1
international,25,9,68.0,65.58,9.4,5.6,1,1,1,1,1,1
domestic,19,2,16.5,42.89,3.7,2.97,0,0,0,0,0,0
domestic,20,2,3.9,84.57,7.9,4.29,1,1,1,1,1,1
domestic,25,9,30.4,31.34,4.4,4.75,0,0,0,0,0,0
domestic,27,8,18.3,29.71,5.1,3.41,0,0,0,0,0,0
domestic,23,5,2.0,52.61,2.7,4.21,0,0,0,0,0,0
domestic,21,1,19.8,68.66,6.6,3.29,1,1,1,1,1,1
domestic,21,0,4.4,54.58,6.1,5.87,0,1,0,0,1,1
international,25,5,16.0,59.2,5.7,5.0,1,1,0,1,1,0
domestic,25,5,3.8,34.34,5.5,2.72,0,0,0,0,0,0
international,24,4,35.3,44.23,5.1,6.9,0,0,0,0,0,0
international,22,4,3.0,66.06,4.6,2.4,1,0,1,1,0,0
international,26,4,43.8,68.48,4.7,88.3,1,0,1,1,0,0
domestic,35,10,7.3,46.64,3.6,3.63,0,0,0,0,0,0
domestic,32,7,49.1,40.08,4.8,4.88,0,0,0,0,0,0
international,20,1,30.0,87.27,6.8,8.5,1,1,1,1,1,1
domestic,21,4,44.4,57.61,5.6,2.26,1,1,0,0,0,0
international,29,9,52.8,57.88,6.8,94.9,1,1,0,1,0,0
international,24,7,26.6,85.84,7.1,2.4,1,1,1,1,1,1
domestic,26,4,19.8,47.04,4.8,5.82,0,0,0,0,0,0
international,23,0,12.3,53.92,7.6,A,1,1,0,1,1,1
domestic,34,9,17.3,39.49,3.4,5.35,0,0,0,0,0,0
domestic,35,8,26.9,50.26,4.4,5.77,0,0,0,0,0,0
international,28,2,6.5,53.34,6.5,30.7,1,1,0,1,1,0
international,24,5,15.9,72.91,6.0,83.6,1,1,1,1,1,1
domestic,25,6,39.4,81.85,9.2,4.75,1,1,1,1,1,1
domestic,19,2,1.8,70.71,5.2,5.21,1,1,1,1,1,1
domestic,25,8,18.0,52.47,3.5,2.84,0,0,0,0,0,0
domestic,27,5,3.7,60.35,4.4,3.84,0,0,0,0,0,0
domestic,33,7,36.3,51.99,5.5,5.09,0,0,0,0,0,0
domestic,30,10,8.0,73.51,3.9,3.57,1,0,1,1,0,0
domestic,27,5,13.9,61.76,4.1,3.79,0,0,0,0,0,0
international,20,2,39.8,62.03,5.3,5.6,0,1,0,1,0,1
domestic,21,5,16.0,55.56,6.2,4.7,1,1,0,0,0,0
domestic,22,3,6.9,41.18,5.2,5.17,0,0,0,0,0,0
domestic,23,6,2.5,42.22,2.9,3.36,0,0,0,0,0,0
international,24,5,31.6,43.91,5.4,6.8,0,0,0,0,0,0
international,34,8,41.6,69.57,5.5,C,0,0,1,1,0,0
international,35,11,25.8,56.15,4.8,89.9,0,0,0,1,0,0
domestic,20,3,44.8,84.92,8.6,4.71,1,1,1,1,1,1
domestic,25,6,13.1,49.99,4.7,5.56,0,0,0,0,0,0
international,28,7,57.3,86.63,8.3,1.2,1,1,1,1,1,1
domestic,34,10,5.3,41.0,0.8,4.06,0,0,0,0,0,0
domestic,25,6,8.9,57.37,4.0,3.38,1,0,0,0,0,0
domestic,25,7,37.8,70.42,5.7,4.35,1,1,1,1,0,0
domestic,28,3,16.1,67.22,7.1,5.94,1,1,0,1,1,1
international,31,5,13.6,24.91,3.3,5.8,0,0,0,0,0,0
domestic,27,6,39.2,62.5,3.4,4.69,0,0,0,0,0,0
domestic,31,9,2.3,68.1,3.3,4.0,0,0,0,1,0,0
international,23,7,40.6,55.57,4.7,54.8,0,0,0,0,0,0
international,27,3,15.4,55.19,4.6,42.5,0,0,0,0,1,0
domestic,34,6,4.6,18.45,2.2,3.56,0,0,0,0,0,0
domestic,29,5,16.6,50.16,4.5,3.75,0,0,0,0,0,0
domestic,22,4,28.4,89.93,5.8,5.2,1,1,1,1,1,1
domestic,25,7,14.3,41.58,5.4,4.52,0,0,0,0,0,0
domestic,24,3,2.1,30.71,2.7,4.42,0,0,0,0,0,0
domestic,20,1,2.9,67.91,4.1,3.55,1,1,0,1,1,1
domestic,25,6,4.0,44.04,4.5,5.22,0,0,0,0,0,0
international,22,1,34.5,86.62,7.6,3.9,1,1,1,1,1,1
domestic,22,6,49.3,75.79,7.6,5.06,1,1,1,1,0,1
domestic,25,5,19.2,29.09,1.2,5.17,0,0,0,0,0,0
domestic,24,3,22.3,62.78,4.1,3.62,0,0,0,0,0,0
domestic,29,4,11.7,48.75,4.0,4.97,0,0,0,0,0,0
domestic,25,5,4.1,52.34,5.1,,0,0,0,0,0,0
international,32,2,50.4,59.6,4.4,4.6,0,0,0,1,0,0
domestic,32,8,14.0,37.52,3.2,2.15,0,0,0,0,0,0
domestic,21,1,3.4,64.26,2.4,3.89,0,0,0,0,0,0
domestic,36,10,48.2,58.37,6.3,4.55,0,0,0,0,0,0
international,23,5,46.2,65.38,5.9,2.4,0,1,1,1,0,1
domestic,32,5,51.6,45.4,5.0,3.71,0,0,0,0,0,0
domestic,26,6,19.5,45.76,3.0,5.52,0,0,0,0,0,0
domestic,21,1,13.1,64.8,3.5,3.85,0,0,0,0,0,0
domestic,30,9,30.2,30.37,1.2,3.32,0,0,0,0,0,0
domestic,26,2,23.4,46.0,5.8,5.24,0,0,0,0,0,0
domestic,30,8,32.6,24.3,2.1,5.2,0,0,0,0,0,0
domestic,26,4,10.5,70.06,5.5,4.25,1,1,1,1,1,1
domestic,35,8,11.5,68.13,3.0,5.67,0,0,0,0,0,0
domestic,27,10,9.3,18.89,4.1,5.75,0,0,0,0,0,0
domestic,30,8,42.0,53.48,2.5,5.06,0,0,0,0,0,0
domestic,33,11,43.9,52.17,2.8,2.05,0,0,0,0,0,0
international,21,3,22.2,75.33,7.1,B,1,1,1,1,1,1
international,33,8,45.0,44.61,5.5,3.7,0,0,0,0,0,0
domestic,20,2,5.2,45.73,5.9,3.81,0,1,0,0,0,0
domestic,32,9,14.2,33.58,5.8,5.44,0,0,0,0,0,0
domestic,20,4,5.2,90.7,6.0,4.58,1,1,1,1,1,1
domestic,20,0,10.6,84.32,7.7,1.52,1,1,1,1,1,1
domestic,21,5,2.9,49.67,3.7,4.92,0,0,0,0,0,0
international,29,10,66.9,54.26,8.2,3.1,1,1,0,1,0,0
international,27,9,52.8,86.08,3.0,1.1,0,0,1,1,0,0
domestic,21,3,10.9,35.21,3.6,4.13,0,0,0,0,0,0
domestic,24,5,13.0,37.54,5.0,4.53,0,0,0,0,0,0
domestic,29,7,23.4,61.83,2.9,3.37,0,0,0,0,0,0
domestic,19,0,0.7,74.34,6.9,4.42,1,1,1,1,1,1
domestic,29,5,9.2,45.68,3.8,5.6,0,0,0,0,0,0
international,20,4,44.6,59.86,5.5,2.0,1,1,0,1,0,0
domestic,26,6,14.8,16.87,5.5,4.33,0,0,0,0,0,0
international,24,6,7.6,68.65,3.7,39.5,0,0,1,1,0,0
domestic,21,2,22.9,52.45,5.9,5.27,0,1,0,0,1,0
domestic,32,10,24.8,84.62,6.2,5.59,1,1,1,1,1,0
domestic,34,8,13.7,31.15,3.0,4.38,0,0,0,0,0,0
international,20,2,2.9,85.38,6.3,79.2,1,1,1,1,1,1
international,25,1,19.4,97.3,7.9,83.2,1,1,1,1,1,1
international,22,2,36.4,83.07,8.4,70.9,1,1,1,1,1,1
domestic,20,0,1.9,51.68,5.9,5.93,0,1,0,0,1,0
domestic,20,3,3.7,45.18,7.2,4.21,0,1,0,0,1,0
domestic,29,7,8.5,33.67,1.4,4.82,0,0,0,0,0,0
domestic,23,2,2.4,49.07,6.2,2.71,1,1,0,0,1,0
domestic,25,3,15.4,63.52,4.3,5.59,0,0,0,0,0,0
domestic,25,6,65.1,59.76,7.0,5.41,0,1,0,1,0,0
domestic,29,5,17.3,22.03,5.9,5.05,0,0,0,0,0,0
international,21,6,27.1,74.02,6.2,7.6,1,1,1,1,1,1
domestic,29,6,6.1,74.16,4.7,2.23,1,0,1,1,1,0
international,25,7,5.2,73.54,5.4,4.7,1,1,1,1,1,1
domestic,28,8,14.8,63.41,3.6,2.69,0,0,0,0,0,0
domestic,20,4,9.5,29.08,5.2,,0,0,0,0,0,0
international,35,9,58.6,27.47,5.9,56.2,0,0,0,0,0,0
international,24,7,3.5,65.21,4.9,,0,0,1,1,0,0
domestic,29,9,6.1,62.7,3.1,2.83,0,0,0,0,0,0
international,27,8,67.0,78.57,3.9,2.7,0,0,1,1,0,0
domestic,25,6,12.3,50.35,5.9,4.2,1,0,0,0,0,0
domestic,27,5,29.6,55.22,3.8,3.19,0,0,0,0,0,0
domestic,35,10,30.1,35.72,3.0,4.57,0,0,0,0,0,0
domestic,29,7,20.8,66.21,5.6,4.26,0,0,0,1,0,0
domestic,31,7,40.8,24.44,4.8,,0,0,0,0,0,0
domestic,26,3,6.9,45.44,4.3,4.91,0,0,0,0,0,0
domestic,20,4,15.9,40.35,4.0,,0,0,0,0,0,0
domestic,27,4,8.9,67.95,8.5,3.95,1,1,0,1,1,1
international,25,2,32.2,42.06,6.6,1.3,0,1,0,0,0,0
domestic,22,7,12.7,46.88,4.5,5.79,0,0,0,0,0,0
international,27,7,13.0,88.49,3.9,3.2,0,0,1,1,1,1
domestic,24,5,17.5,33.78,4.0,5.27,0,0,0,0,0,0
domestic,21,2,18.9,60.59,4.9,4.28,1,1,0,0,0,0
international,34,5,11.2,83.18,4.4,4.4,0,0,1,1,1,0
international,22,5,33.0,39.44,6.7,3.4,0,1,0,0,0,0
domestic,25,4,17.2,62.26,4.2,3.77,0,0,0,0,0,0
international,24,6,38.3,56.88,5.5,3.7,0,0,0,1,0,0
international,20,2,53.8,54.73,8.5,6.8,1,1,0,1,0,1
international,31,10,33.2,63.54,7.0,36.4,0,1,0,1,0,0
domestic,32,8,38.2,71.81,7.0,,0,1,1,1,0,0
international,23,6,33.2,77.04,8.3,8.5,1,1,1,1,0,1
domestic,23,4,19.1,52.68,5.9,3.0,0,1,0,0,0,0
domestic,24,8,10.6,72.03,5.6,3.38,1,1,1,1,0,1
domestic,28,2,20.2,62.81,5.6,3.18,1,1,0,1,1,0
domestic,22,1,3.7,57.47,2.7,4.61,1,0,0,0,0,0
domestic,30,6,3.3,71.81,3.6,4.38,0,0,1,1,0,0
domestic,21,6,8.9,52.74,5.6,4.63,0,1,0,0,0,0
domestic,26,3,21.4,38.57,4.7,4.0,0,0,0,0,0,0
domestic,26,8,12.3,45.7,4.0,4.99,0,0,0,0,0,0
domestic,19,2,14.4,46.69,5.3,3.98,0,1,0,0,0,0
international,21,3,31.9,53.64,6.6,69.8,1,1,0,1,0,0
domestic,31,7,6.2,54.06,1.8,5.55,0,0,0,0,0,0
domestic,24,10,25.8,72.76,4.4,2.8,0,0,1,1,0,0
domestic,20,4,1.9,34.76,5.3,3.95,0,0,0,0,0,0
international,23,3,20.6,49.38,3.7,47.3,0,0,0,0,0,0
domestic,25,3,32.5,85.97,5.7,5.28,1,1,1,1,1,1
domestic,19,2,1.6,63.01,5.8,2.95,1,1,0,1,1,1
international,21,1,14.2,37.24,3.8,55.4,0,0,0,0,0,0
domestic,30,4,11.3,43.43,5.9,2.78,1,0,0,0,0,0
domestic,25,8,22.1,63.13,6.8,4.8,0,1,0,1,1,0
domestic,26,6,3.3,63.91,6.2,5.66,1,1,0,1,1,0
domestic,20,0,33.6,49.07,7.2,5.3,1,1,0,0,0,1
domestic,33,4,17.9,37.75,3.3,4.96,0,0,0,0,0,0
domestic,21,3,8.5,34.08,4.0,2.78,0,0,0,0,0,0
domestic,29,9,28.2,42.44,3.5,,0,0,0,0,0,0
domestic,23,4,9.5,38.47,4.6,2.29,0,0,0,0,0,0
international,28,3,47.7,29.7,3.8,51.8,0,0,0,0,0,0
domestic,25,4,12.0,50.84,6.1,2.05,1,1,0,0,0,0
international,26,3,36.3,82.33,7.7,B,1,1,1,1,1,1
domestic,24,8,16.5,36.74,5.9,5.22,0,0,0,0,0,0
domestic,34,12,48.3,59.59,4.7,4.17,0,0,0,0,0,0
domestic,22,2,3.7,59.84,4.4,5.79,0,0,0,0,0,0
international,22,5,42.1,51.13,5.5,2.0,0,0,0,0,0,0
domestic,22,4,11.4,68.14,4.5,5.0,0,0,0,1,0,0
domestic,28,6,25.6,30.27,2.6,4.61,0,0,0,0,0,0
international,20,0,20.1,43.28,7.8,3.6,0,1,0,0,1,0
international,22,4,12.3,32.4,4.4,8.2,0,0,0,0,0,0
domestic,28,10,13.6,70.06,4.7,4.1,0,0,1,1,0,0
international,30,6,36.9,59.53,3.1,94.4,0,0,0,0,0,0
domestic,22,2,3.9,75.55,4.8,5.31,0,1,1,1,1,1
domestic,34,8,20.5,59.02,2.0,3.53,0,0,0,0,0,0
domestic,26,1,27.6,62.08,7.8,4.73,1,1,0,1,1,1
domestic,25,8,43.7,67.95,6.8,4.02,1,1,0,1,0,1
international,30,2,39.9,65.35,6.9,2.0,1,1,1,1,1,1
domestic,24,5,10.0,72.78,5.4,4.69,1,1,1,1,1,1
domestic,32,9,35.2,48.96,3.8,5.25,0,0,0,0,0,0
domestic,27,6,23.2,64.97,6.9,2.82,1,1,0,1,1,1
domestic,22,0,7.8,36.01,2.5,4.56,0,0,0,0,0,0
domestic,22,6,32.8,68.46,5.6,5.8,1,1,1,1,0,1
domestic,22,2,3.8,48.48,7.3,3.14,0,1,0,0,1,0
international,34,9,18.8,43.56,3.4,84.6,0,0,0,0,0,0
domestic,31,6,18.8,58.29,6.6,4.83,1,1,0,0,1,0
domestic,28,3,20.6,61.37,6.3,5.8,0,1,0,1,1,0
international,25,7,16.0,43.45,4.0,49.7,0,0,0,0,0,0
domestic,34,10,45.6,54.6,6.0,3.88,0,0,0,0,0,0
domestic,28,5,11.4,17.97,3.5,2.7,0,0,0,0,0,0
international,28,7,21.2,21.91,1.8,1.6,0,0,0,0,0,0
domestic,29,9,38.5,40.87,4.1,,0,0,0,0,0,0
domestic,20,1,1.7,42.96,5.9,3.33,1,1,0,0,0,0
international,22,8,7.3,73.29,5.8,2.3,1,1,1,1,0,1
domestic,30,6,13.8,65.6,6.0,4.75,1,0,0,1,1,0
domestic,25,9,2.2,70.46,5.6,5.96,1,1,1,1,0,0
international,32,4,48.5,67.58,7.1,69.6,0,1,1,1,1,0
international,27,5,31.6,80.33,4.6,C,0,0,1,1,0,1
domestic,27,2,30.7,40.65,7.8,3.23,1,1,0,0,0,0
domestic,30,7,4.7,57.24,2.3,4.25,0,0,0,0,0,0
domestic,32,7,56.7,67.2,3.9,5.37,0,0,0,1,0,0
international,34,4,37.8,87.3,6.5,64.6,1,1,1,1,1,1
domestic,22,4,22.2,86.39,6.0,4.86,1,1,1,1,1,1
domestic,34,10,9.8,66.37,4.6,5.26,0,0,0,1,0,0
domestic,32,5,26.1,47.84,5.9,4.18,1,0,0,0,0,0
domestic,22,4,4.0,35.51,3.3,3.55,0,0,0,0,0,0
domestic,26,3,0.1,81.63,4.5,3.74,1,1,1,1,1,1
domestic,20,0,14.4,93.02,8.3,,1,1,1,1,1,1
domestic,26,2,4.1,69.33,5.3,5.31,0,1,1,1,1,1
domestic,31,8,5.7,80.1,5.8,3.1,1,1,1,1,1,0
international,23,5,52.0,52.01,7.1,62.7,1,1,0,1,0,0
international,35,6,19.7,44.36,3.8,68.3,0,0,0,0,0,0
domestic,26,7,8.5,66.02,3.1,5.28,0,0,0,0,0,0
domestic,20,4,0.2,52.18,1.7,3.07,0,0,0,0,0,0
domestic,29,6,10.0,32.2,2.3,3.75,0,0,0,0,0,0
domestic,32,9,42.8,50.3,4.6,5.22,0,0,0,0,0,0
domestic,27,4,33.1,63.78,4.9,3.62,0,0,0,1,0,0
domestic,23,4,14.5,63.19,6.6,2.2,1,1,0,1,1,1
domestic,27,6,4.7,29.57,4.2,5.3,0,0,0,0,0,0
domestic,26,7,41.3,76.95,7.6,3.91,1,1,1,1,1,1
international,36,10,49.1,63.92,4.1,7.4,0,0,0,1,0,0
domestic,26,6,24.1,56.58,6.2,3.66,1,1,0,0,0,0
domestic,28,5,0.8,28.4,2.8,5.57,0,0,0,0,0,0
international,23,4,30.7,56.87,6.5,,1,1,0,1,0,0
international,31,6,19.3,87.63,7.6,59.5,1,1,1,1,1,1
international,27,5,45.8,46.03,5.0,5.9,0,0,0,0,0,0
domestic,27,4,34.1,56.23,6.6,2.25,0,1,0,0,0,0
domestic,25,3,46.8,80.45,6.2,4.13,1,1,1,1,1,1
domestic,32,5,36.5,65.84,5.2,3.86,0,0,0,1,0,0
international,27,7,37.2,66.28,4.1,71.2,0,0,1,1,0,0
domestic,25,5,26.7,53.64,5.7,5.3,1,0,0,0,0,0
international,23,4,10.7,60.36,6.3,8.2,1,1,0,1,0,1
domestic,20,1,21.2,23.34,4.2,5.45,0,0,0,0,0,0
domestic,25,1,6.1,51.29,2.5,2.94,0,0,0,0,0,0
domestic,27,8,9.8,62.83,4.3,4.58,0,0,0,0,0,0
international,28,5,27.5,68.57,5.4,7.2,0,0,1,1,1,0
international,27,7,17.5,45.55,1.8,6.5,0,0,0,0,0,0
domestic,21,3,1.3,46.76,4.6,2.5,0,0,0,0,0,0
domestic,24,9,4.1,30.96,2.5,4.42,0,0,0,0,0,0
domestic,26,10,40.7,19.01,2.9,1.68,0,0,0,0,0,0
international,23,9,10.2,73.29,4.5,B,0,0,1,1,0,0
domestic,20,2,15.6,69.97,7.5,3.14,1,1,1,1,1,1
domestic,26,9,2.8,74.17,4.4,4.01,0,0,1,1,0,0
domestic,26,2,15.8,45.93,3.8,3.87,0,0,0,0,0,0
international,20,4,40.1,49.08,5.3,67.4,1,1,0,0,0,0
domestic,21,6,2.6,55.67,5.4,5.36,0,1,0,0,0,0
domestic,22,4,12.2,40.16,4.6,4.17,0,0,0,0,0,0
domestic,23,5,22.3,41.9,3.0,5.58,0,0,0,0,0,0
domestic,27,8,17.8,36.0,2.3,4.03,0,0,0,0,0,0
domestic,25,2,4.2,64.35,4.3,2.56,0,0,0,0,1,0
domestic,26,3,9.7,66.35,3.5,3.93,1,0,0,0,0,0
international,28,8,22.9,45.97,4.9,69.1,0,0,0,0,0,0
international,29,5,10.7,59.38,3.6,8.5,0,0,0,1,0,0
domestic,22,7,3.5,56.34,5.8,4.88,0,1,0,0,0,0
international,29,4,34.9,23.13,2.3,3.3,0,0,0,0,0,0
domestic,29,9,28.6,66.75,4.4,4.89,0,0,0,1,0,0
domestic,26,9,34.9,57.18,3.2,5.17,0,0,0,0,0,0
domestic,24,3,19.2,43.94,4.4,1.94,0,0,0,0,0,0
international,21,5,13.4,68.6,7.9,7.1,1,1,1,1,1,1
domestic,24,7,19.7,87.3,7.5,3.64,1,1,1,1,1,1
domestic,22,4,49.3,64.85,4.9,1.45,0,1,0,1,0,0
domestic,23,5,10.8,46.7,3.1,3.51,0,0,0,0,0,0
domestic,27,9,11.5,71.94,2.1,4.66,0,0,1,1,0,0
international,20,1,21.0,60.69,8.5,1.7,1,1,0,1,1,1
domestic,35,1,1.1,51.63,2.3,3.48,0,0,0,0,0,0
domestic,23,3,2.3,39.79,3.9,,0,0,0,0,0,0
domestic,29,7,7.0,40.93,2.6,4.9,0,0,0,0,0,0
domestic,21,5,4.6,64.91,4.3,5.16,0,0,0,0,0,0
domestic,30,7,17.5,69.6,4.0,3.62,0,0,1,1,0,0
domestic,26,4,10.2,70.69,5.8,5.74,1,1,1,1,1,1
domestic,21,5,33.7,51.8,5.5,4.81,0,1,0,0,0,0
international,23,1,31.2,59.53,7.8,55.7,1,1,0,1,0,1
domestic,29,5,29.6,47.85,6.2,5.21,1,0,0,0,0,0
international,24,4,6.7,88.65,8.4,49.8,1,1,1,1,1,1
international,21,3,11.7,70.17,5.3,2.0,0,1,1,1,1,1
domestic,19,1,20.1,55.19,4.6,5.1,0,1,0,0,0,0
domestic,22,3,4.7,85.83,5.3,3.5,1,1,1,1,1,1
domestic,29,7,7.5,43.29,3.5,4.18,0,0,0,0,0,0
domestic,21,5,30.5,49.2,5.3,4.69,0,0,0,0,0,0
domestic,23,1,8.6,93.51,6.1,5.39,1,1,1,1,1,1
domestic,35,8,13.7,32.9,3.8,5.85,0,0,0,0,0,0
domestic,30,10,38.7,68.11,5.0,5.06,0,0,0,1,0,0
domestic,22,8,7.0,62.16,2.6,5.31,0,0,0,0,0,0
international,26,4,44.3,68.32,3.1,,0,0,1,1,0,0
domestic,26,3,17.0,48.26,6.7,3.11,1,1,0,0,1,0
international,25,5,30.0,70.85,7.6,1.7,1,1,1,1,1,1
international,22,2,27.2,60.58,7.1,B,1,1,0,1,1,1
domestic,25,4,23.8,74.98,5.2,5.08,1,1,1,1,1,1
domestic,31,10,27.9,77.96,6.4,5.42,1,1,1,1,1,0
domestic,22,3,29.7,73.95,5.4,5.28,1,1,1,1,1,1
domestic,19,1,13.2,69.46,6.6,4.16,1,1,1,1,1,1
domestic,34,9,16.9,68.91,6.6,5.27,1,0,1,1,1,0
domestic,21,5,30.1,58.16,8.0,5.82,1,1,0,1,0,1
domestic,28,5,10.7,65.09,7.3,,1,1,0,1,1,1
domestic,34,10,1.1,31.97,3.6,4.73,0,0,0,0,0,0
domestic,22,7,32.3,24.14,5.0,5.25,0,0,0,0,0,0
international,24,4,18.8,70.01,5.7,4.3,1,1,1,1,1,1
domestic,22,6,3.9,57.5,3.9,3.24,0,0,0,0,0,0
international,31,8,36.9,46.82,7.1,4.8,1,0,0,0,0,0
domestic,36,6,14.2,49.98,3.7,4.94,0,0,0,0,0,0
domestic,31,7,19.2,31.49,4.6,4.1,0,0,0,0,0,0
international,22,6,27.4,60.68,8.0,F,1,1,0,1,1,1
international,36,10,20.5,31.63,3.2,4.1,0,0,0,0,0,0
domestic,27,5,2.4,55.35,6.0,3.36,0,0,0,0,0,0
domestic,23,1,14.6,65.06,5.8,5.38,1,1,0,1,1,1
domestic,31,9,1.7,75.72,4.2,3.72,0,0,1,1,0,0
domestic,28,4,2.5,55.01,5.5,5.85,1,0,0,0,0,0
international,24,6,23.3,47.0,1.4,B,0,0,0,0,0,0
international,27,7,26.4,70.1,4.4,61.0,0,0,1,1,1,0
international,31,11,20.5,69.04,3.8,5.7,0,0,1,1,0,0
domestic,26,5,2.4,65.68,5.4,3.72,0,1,0,1,1,0
domestic,26,3,24.1,83.38,5.0,5.66,0,1,1,1,1,1
domestic,22,2,20.6,80.63,8.5,,1,1,1,1,1,1
domestic,25,4,22.9,74.12,5.5,5.22,1,1,1,1,1,1
domestic,28,6,17.8,54.11,5.1,4.95,0,0,0,0,0,0
domestic,21,5,3.6,58.28,4.0,3.01,0,0,0,0,0,0
domestic,20,3,28.7,29.78,6.9,2.93,0,1,0,0,0,0
domestic,30,6,7.0,34.25,7.2,5.44,0,0,0,0,0,0
domestic,20,2,32.5,44.02,7.4,,1,1,0,0,0,0
domestic,33,5,17.1,53.77,6.4,3.98,1,0,0,0,1,0
international,29,4,23.6,50.94,5.1,69.4,0,0,0,0,1,0
domestic,23,6,35.9,49.39,5.6,2.24,0,0,0,0,0,0
domestic,26,8,21.8,66.5,5.3,4.54,0,0,0,1,0,0
domestic,25,7,2.7,63.66,3.0,4.79,0,0,0,0,0,0
domestic,24,1,5.6,35.82,3.8,2.93,0,0,0,0,0,0
domestic,20,1,16.6,80.89,8.3,5.54,1,1,1,1,1,1
domestic,24,7,23.2,75.27,4.0,4.19,0,0,1,1,0,0
domestic,28,9,2.3,58.49,4.8,4.91,0,0,0,0,0,0
international,30,2,16.1,68.99,4.6,4.8,0,0,1,1,1,0
domestic,22,3,10.2,49.56,4.0,2.64,0,0,0,0,0,0
international,21,6,13.6,76.03,5.2,83.0,1,1,1,1,0,1
international,31,10,28.2,63.55,4.1,3.3,0,0,0,1,0,0
domestic,30,11,6.9,34.61,4.3,3.76,0,0,0,0,0,0
domestic,27,6,12.4,45.83,4.7,3.69,0,0,0,0,0,0
domestic,22,6,12.9,79.14,6.7,4.15,1,1,1,1,1,1
international,27,7,26.1,37.2,3.3,4.4,0,0,0,0,0,0
domestic,28,9,8.0,60.32,4.6,,0,0,0,0,0,0
international,34,5,40.7,49.87,3.6,3.2,0,0,0,0,0,0
domestic,32,5,22.0,63.95,3.5,5.13,0,0,0,0,0,0
domestic,21,3,12.9,80.14,7.1,4.48,1,1,1,1,1,1
domestic,24,2,17.8,18.13,5.2,4.16,0,0,0,0,0,0
domestic,21,3,4.5,35.4,3.6,4.55,0,0,0,0,0,0
international,23,1,46.0,43.51,5.1,49.9,0,0,0,0,0,0
international,25,6,24.7,48.12,5.5,A,0,0,0,0,0,0
domestic,20,3,7.2,70.72,5.8,3.27,1,1,1,1,1,1
domestic,20,4,2.1,36.85,3.5,4.99,0,0,0,0,0,0
domestic,27,5,17.5,83.93,4.0,5.78,0,0,1,1,1,1
domestic,25,7,5.8,47.75,5.8,4.05,0,0,0,0,0,0
domestic,29,2,7.8,66.57,7.7,4.02,1,1,0,1,1,1
international,34,8,50.3,38.49,3.4,A,0,0,0,0,0,0
domestic,31,7,22.8,70.54,3.3,4.81,0,0,1,1,0,0
international,30,8,63.6,40.79,5.3,82.3,0,0,0,0,0,0
international,27,3,17.2,36.97,5.8,,0,0,0,0,1,0
international,21,5,3.4,43.34,3.7,2.9,0,0,0,0,0,0
domestic,22,4,2.4,38.38,4.8,5.48,0,0,0,0,0,0
domestic,36,8,8.9,39.63,4.1,5.46,0,0,0,0,0,0
domestic,20,1,16.1,53.04,6.0,4.07,1,1,0,0,1,0
domestic,26,4,38.8,42.2,5.7,2.49,1,0,0,0,0,0
domestic,25,9,25.8,57.45,4.6,4.03,0,0,0,0,0,0
international,29,7,21.3,44.91,4.6,8.4,0,0,0,0,0,0
domestic,27,4,10.5,58.67,5.9,4.17,1,1,0,0,1,0
domestic,25,6,8.1,56.69,7.4,5.03,1,1,0,0,1,0
international,20,2,27.4,88.75,7.6,C,1,1,1,1,1,1
domestic,32,9,3.7,31.78,3.7,5.46,0,0,0,0,0,0
domestic,21,4,40.5,60.84,6.4,4.33,1,1,0,1,0,1
international,25,9,36.0,63.06,4.1,74.7,0,0,0,1,0,0
domestic,25,6,2.4,41.04,3.3,5.78,0,0,0,0,0,0
domestic,23,1,3.1,52.05,6.7,3.7,1,1,0,0,1,0
domestic,21,5,9.3,44.62,7.3,,1,1,0,0,0,0
domestic,30,9,2.8,60.13,4.2,5.47,0,0,0,0,0,0
domestic,33,8,40.9,21.85,2.7,2.5,0,0,0,0,0,0
domestic,23,8,15.6,26.21,5.1,3.05,0,0,0,0,0,0
domestic,25,4,26.2,66.93,1.9,,0,0,0,0,0,0
domestic,20,2,12.3,74.02,3.5,3.73,1,0,1,1,0,1
domestic,34,12,7.3,37.68,1.1,5.58,0,0,0,0,0,0
domestic,31,10,9.7,37.54,1.4,1.88,0,0,0,0,0,0
domestic,28,7,27.4,63.74,6.7,5.13,0,1,0,1,1,0
international,22,5,7.4,27.39,1.5,9.6,0,0,0,0,0,0
domestic,29,8,3.1,47.71,4.4,3.92,0,0,0,0,0,0
domestic,24,3,7.1,61.87,7.1,4.37,0,1,0,1,1,1
international,20,2,57.2,39.42,6.3,90.7,0,1,0,0,0,0
international,31,11,41.2,62.95,7.3,A,1,1,0,1,0,0
domestic,30,10,19.1,65.04,6.3,5.75,0,0,0,1,0,0
international,28,9,52.1,71.0,6.7,F,1,1,1,1,0,0
domestic,26,9,15.7,56.0,5.5,4.03,0,0,0,0,0,0
domestic,22,4,28.4,50.85,7.6,3.88,1,1,0,0,1,0
domestic,26,7,25.6,59.77,5.1,4.01,0,0,0,0,0,0
domestic,32,7,8.3,36.14,3.8,3.64,0,0,0,0,0,0
domestic,24,2,25.8,43.66,5.9,5.17,0,1,0,0,0,0
domestic,31,9,6.2,35.89,2.6,4.45,0,0,0,0,0,0
domestic,25,9,18.5,73.64,7.3,5.39,1,1,1,1,1,1
domestic,28,4,1.4,59.9,4.4,,1,0,0,0,0,0
domestic,21,4,4.4,55.45,6.4,2.56,1,1,0,0,1,0
domestic,29,4,13.7,31.83,2.5,3.39,0,0,0,0,0,0
domestic,27,2,8.3,44.45,2.0,5.07,0,0,0,0,0,0
domestic,21,4,13.6,79.58,6.7,3.8,1,1,1,1,1,1
domestic,27,7,17.3,64.9,5.3,4.57,0,0,0,1,0,0
domestic,21,3,30.0,72.26,7.5,3.51,1,1,1,1,1,1
international,27,8,13.8,70.56,5.2,,1,0,1,1,1,0
domestic,26,6,5.0,40.46,4.9,5.1,0,0,0,0,0,0
domestic,30,9,22.3,51.78,6.5,3.98,0,0,0,0,0,0
domestic,31,10,25.8,50.82,4.1,4.39,0,0,0,0,0,0
domestic,21,1,16.0,40.51,4.2,4.87,0,0,0,0,0,0
domestic,27,10,9.1,29.88,3.9,1.6,0,0,0,0,0,0
domestic,28,2,2.8,61.69,2.7,2.21,0,0,0,0,0,0
domestic,27,3,21.6,71.95,5.8,3.86,1,1,1,1,1,1
domestic,31,4,29.0,51.4,5.8,2.93,1,0,0,0,0,0
domestic,21,4,18.6,50.19,3.0,3.97,0,0,0,0,0,0
domestic,27,2,6.5,21.99,3.8,3.84,0,0,0,0,0,0
domestic,23,6,50.4,47.62,4.3,3.56,1,0,0,0,0,0
international,20,0,30.9,67.11,5.5,3.0,1,1,1,1,0,1
domestic,25,4,18.3,45.13,2.3,5.62,0,0,0,0,0,0
domestic,30,6,5.0,11.21,1.0,,0,0,0,0,0,0
domestic,23,4,21.1,50.18,8.3,5.17,1,1,0,0,1,1
domestic,28,7,44.9,44.63,4.1,2.98,0,0,0,0,0,0
domestic,27,8,7.2,56.41,2.1,5.68,0,0,0,0,0,0
international,31,9,34.5,48.92,5.0,2.9,0,0,0,0,0,0
domestic,20,3,10.4,79.42,5.2,4.44,1,1,1,1,1,1
international,23,4,29.6,65.14,4.8,2.8,0,0,0,1,0,0
international,21,6,2.9,79.66,4.2,B,0,1,1,1,0,1
domestic,20,2,11.1,71.88,7.7,4.05,1,1,1,1,1,1
domestic,25,6,21.2,76.9,6.2,5.03,1,1,1,1,1,1
domestic,28,2,3.2,48.53,4.1,5.9,0,0,0,0,0,0
international,26,5,41.6,71.74,7.1,64.6,1,1,1,1,1,1
international,29,7,21.5,37.53,5.0,3.6,0,0,0,0,0,0
domestic,30,7,28.8,56.55,2.9,5.74,0,0,0,0,0,0
domestic,20,2,54.6,77.52,9.1,1.69,1,1,1,1,1,1
domestic,22,3,23.0,40.2,8.2,4.88,0,1,0,0,1,0
domestic,24,8,19.9,68.81,2.4,5.95,0,0,1,0,0,0
domestic,25,5,42.3,43.56,5.8,4.28,1,0,0,0,0,0
international,19,0,17.1,58.73,4.6,3.3,1,1,0,1,0,0
domestic,32,5,43.0,35.97,3.8,1.9,0,0,0,0,0,0
international,29,7,28.7,58.1,3.2,,0,0,0,0,0,0
international,28,2,45.8,38.19,6.3,D,0,0,0,0,0,0
domestic,35,11,30.4,52.85,2.4,4.51,0,0,0,0,0,0
domestic,32,9,20.9,32.35,2.8,3.92,0,0,0,0,0,0
domestic,28,9,50.7,51.09,5.7,5.11,1,0,0,0,0,0
domestic,20,3,0.7,53.16,4.6,4.03,0,0,0,0,0,0
domestic,25,7,39.5,48.63,3.5,4.92,0,0,0,0,0,0
domestic,26,6,30.7,30.4,3.7,5.61,0,0,0,0,0,0
international,23,5,19.5,81.59,6.3,,1,1,1,1,1,1
domestic,33,2,5.4,63.62,3.2,4.83,0,0,0,0,0,0
domestic,20,2,6.4,33.08,5.1,5.71,0,0,0,0,0,0
domestic,28,4,28.9,40.7,4.6,4.52,0,0,0,0,0,0
domestic,34,11,39.4,74.44,3.9,,0,0,1,1,0,0
domestic,25,8,21.8,56.44,7.1,5.06,0,1,0,0,1,0
domestic,26,5,37.1,42.11,6.0,5.84,1,0,0,0,0,0
international,27,9,55.8,42.2,6.0,4.8,0,0,0,0,0,0
domestic,27,5,8.4,48.23,5.1,3.25,0,0,0,0,0,0
domestic,25,8,39.3,60.01,3.4,3.38,0,0,0,0,0,0
domestic,24,6,0.9,67.73,3.2,3.04,0,0,0,0,0,0
international,32,10,24.2,82.81,5.2,8.2,1,0,1,1,1,0
domestic,25,2,27.0,76.14,7.7,4.23,1,1,1,1,1,1
domestic,23,3,36.6,74.66,6.6,3.05,1,1,1,1,0,1
domestic,21,2,6.0,79.95,3.8,3.08,1,1,1,1,1,1
domestic,33,9,19.4,24.0,4.3,2.68,0,0,0,0,0,0
domestic,22,6,14.4,34.38,4.7,5.66,0,0,0,0,0,0
international,23,9,10.9,89.75,5.5,2.0,1,1,1,1,1,1
international,26,5,22.9,59.98,3.0,4.4,0,0,0,0,0,0
domestic,32,6,37.0,46.21,5.1,5.18,0,0,0,0,0,0
domestic,22,6,12.0,48.43,6.5,4.95,0,1,0,0,0,0
domestic,21,2,18.9,51.77,6.1,5.34,1,1,0,0,1,0
international,30,10,49.6,60.82,4.1,92.7,0,0,0,1,0,0
domestic,21,2,24.7,63.92,5.5,4.26,1,1,0,1,1,1
domestic,22,6,16.5,86.3,4.9,5.17,1,1,1,1,1,1
domestic,23,5,11.0,52.95,6.5,3.88,0,1,0,0,0,0
domestic,21,3,3.8,87.85,5.3,3.26,1,1,1,1,1,1
domestic,24,3,3.8,57.15,4.2,3.52,0,0,0,0,0,0
domestic,31,11,66.1,22.57,7.2,5.63,0,0,0,0,0,0
domestic,28,6,24.9,68.44,6.1,5.55,1,1,1,1,1,0
domestic,22,2,5.1,36.11,3.1,3.6,0,0,0,0,0,0
international,29,6,18.5,35.59,3.6,88.8,0,0,0,0,0,0
domestic,28,7,2.7,23.03,1.8,3.43,0,0,0,0,0,0
international,29,7,35.0,63.72,6.3,A,1,1,0,1,0,0
domestic,26,5,13.6,40.62,4.0,3.26,0,0,0,0,0,0
domestic,29,5,29.5,52.65,3.8,3.05,0,0,0,0,0,0
domestic,23,2,42.3,66.33,5.4,,0,1,0,1,0,1
international,27,7,29.0,39.24,2.4,83.5,0,0,0,0,0,0
domestic,20,2,1.5,55.12,4.8,2.12,0,1,0,0,0,0
domestic,28,6,24.7,58.72,6.0,,0,0,0,0,0,0
domestic,29,7,20.2,52.04,4.1,4.96,0,0,0,0,0,0
domestic,20,1,2.3,75.73,5.3,4.25,1,1,1,1,1,1
domestic,34,10,4.5,35.86,3.8,3.52,0,0,0,0,0,0
domestic,30,11,12.5,86.17,4.9,4.72,0,0,1,1,0,0
domestic,29,12,24.1,78.51,6.2,5.39,1,1,1,1,0,0
domestic,28,4,16.1,34.2,5.3,4.8,0,0,0,0,0,0
domestic,25,2,3.4,26.24,3.5,5.5,0,0,0,0,0,0
domestic,24,8,32.2,24.97,2.1,4.79,0,0,0,0,0,0
domestic,26,7,33.5,75.29,6.5,4.08,1,1,1,1,0,1
domestic,25,3,23.3,69.22,4.3,,0,0,1,1,1,0
international,30,3,42.0,55.91,7.7,8.6,1,1,0,1,1,0
international,30,8,42.8,74.18,3.9,4.6,0,0,1,1,0,0
domestic,25,5,33.1,49.46,3.4,3.86,0,0,0,0,0,0
domestic,29,4,6.2,56.78,3.3,3.85,0,0,0,0,0,0
domestic,25,5,0.9,57.79,2.5,4.11,0,0,0,0,0,0
domestic,28,7,9.0,21.99,1.0,4.48,0,0,0,0,0,0
domestic,23,2,11.7,69.91,4.3,5.69,0,0,1,1,1,1
domestic,24,10,12.0,39.24,3.7,4.28,0,0,0,0,0,0
international,21,2,33.0,54.52,6.9,95.7,0,1,0,1,0,1
domestic,26,5,23.3,71.72,6.4,4.84,1,1,1,1,1,1
domestic,26,4,14.9,45.33,4.4,4.58,0,0,0,0,0,0
domestic,26,10,40.9,47.26,5.2,,1,0,0,0,0,0
domestic,29,9,1.4,26.5,1.1,5.2,0,0,0,0,0,0
domestic,22,5,18.8,34.55,3.1,4.67,0,0,0,0,0,0
domestic,24,7,22.6,81.68,3.1,3.93,0,0,1,1,0,0
international,28,6,28.2,78.79,7.7,54.1,1,1,1,1,1,1
international,30,7,22.1,43.35,1.8,B,0,0,0,0,0,0
domestic,31,11,23.0,25.76,2.5,,0,0,0,0,0,0
domestic,33,9,50.1,64.0,6.1,5.14,1,0,0,1,0,0
domestic,27,5,22.2,49.73,5.9,3.67,1,0,0,0,0,0
domestic,22,6,2.4,60.53,4.0,3.49,0,0,0,0,0,0
domestic,25,9,7.8,63.08,5.8,4.86,1,0,0,1,0,0
domestic,29,6,24.0,41.69,5.6,5.46,0,0,0,0,0,0
international,23,2,45.7,83.47,8.8,1.1,1,1,1,1,1,1
international,24,4,11.8,52.68,4.6,D,0,0,0,0,0,0
international,33,6,22.9,60.59,5.3,C,0,0,0,1,1,0
domestic,20,1,29.7,81.63,6.6,5.19,1,1,1,1,1,1
domestic,29,8,9.9,59.27,2.7,4.88,0,0,0,0,0,0
domestic,24,3,20.5,48.87,3.5,1.86,0,0,0,0,0,0
domestic,22,7,39.2,73.71,4.3,4.75,0,0,1,1,0,0
domestic,22,6,8.2,58.56,5.7,,0,1,0,0,0,0
domestic,23,5,11.0,59.98,5.4,3.29,0,1,0,0,0,0
domestic,36,11,24.8,29.92,4.2,5.42,0,0,0,0,0,0
domestic,26,5,17.2,80.51,5.5,4.69,1,1,1,1,1,1
international,28,4,65.3,72.55,5.0,83.3,1,0,1,1,0,0
domestic,22,2,5.3,60.52,5.5,4.8,1,1,0,0,1,1
international,25,6,48.6,48.15,6.2,B,0,0,0,0,0,0
international,30,5,23.8,57.89,5.9,5.6,0,0,0,1,1,0
international,25,9,38.5,49.65,6.2,B,0,0,0,0,0,0
domestic,25,1,7.2,67.79,6.8,5.36,1,1,0,1,1,1
domestic,27,8,13.5,55.16,5.9,4.63,0,0,0,0,0,0
domestic,25,4,8.1,55.3,3.7,3.85,0,0,0,0,0,0
domestic,28,5,11.0,54.59,6.4,4.44,1,1,0,0,1,0
domestic,20,1,11.8,33.38,3.7,4.13,0,0,0,0,0,0
domestic,35,10,9.5,31.07,1.4,5.19,0,0,0,0,0,0
domestic,25,2,21.7,74.96,7.0,3.2,1,1,1,1,1,1
domestic,32,9,27.5,64.16,2.9,5.68,0,0,0,0,0,0
international,26,5,43.3,45.26,3.9,9.6,0,0,0,0,0,0
domestic,28,3,19.3,42.73,4.0,5.24,0,0,0,0,0,0
domestic,29,7,4.5,56.72,4.0,4.67,0,0,0,0,0,0
domestic,20,1,9.1,46.82,4.6,3.29,0,0,0,0,0,0
domestic,29,6,18.7,27.45,3.4,5.01,0,0,0,0,0,0
domestic,23,6,3.0,67.29,3.2,5.68,0,0,0,0,0,0
domestic,22,1,5.0,80.56,8.3,3.82,1,1,1,1,1,1
domestic,24,8,29.3,40.05,5.3,4.63,0,0,0,0,0,0
domestic,31,11,24.3,64.81,4.3,4.71,0,0,0,0,0,0
domestic,22,3,22.8,46.14,5.8,5.81,1,1,0,0,0,0
domestic,24,10,36.4,69.66,7.1,3.78,0,1,1,1,0,1
domestic,24,6,22.3,70.44,6.0,2.91,1,1,1,1,1,1
domestic,23,2,4.0,77.65,5.8,5.97,1,1,1,1,1,1
domestic,22,3,23.4,63.43,7.8,3.76,1,1,0,1,1,1
domestic,26,6,2.7,55.9,3.6,3.79,0,0,0,0,0,0
domestic,34,6,30.2,41.42,2.6,4.41,0,0,0,0,0,0
domestic,19,2,2.1,65.18,4.2,5.53,1,1,0,0,0,1
international,25,6,6.9,78.01,4.1,55.7,1,0,1,1,1,0
international,21,6,38.0,80.43,5.2,4.8,1,1,1,1,0,1
domestic,25,7,44.0,48.98,5.3,4.39,0,0,0,0,0,0
domestic,31,6,9.0,62.85,4.1,3.77,0,0,0,0,0,0
international,25,1,23.6,37.28,4.5,C,1,0,0,0,0,0
domestic,24,1,17.3,36.68,7.6,4.51,1,1,0,0,1,0
international,20,3,19.1,78.61,6.5,80.2,1,1,1,1,1,1
domestic,21,1,1.6,76.34,6.2,2.7,1,1,1,1,1,1
domestic,24,5,9.6,67.22,3.5,4.61,0,0,0,1,0,0
domestic,24,3,5.0,60.32,4.9,,0,0,0,0,0,0
domestic,25,5,11.7,25.12,3.8,3.21,0,0,0,0,0,0
domestic,28,7,2.0,31.88,2.5,4.58,0,0,0,0,0,0
international,30,11,40.9,39.5,2.7,83.6,0,0,0,0,0,0
international,32,8,62.7,39.42,7.3,7.9,0,0,0,0,0,0
domestic,27,5,5.4,64.47,7.4,5.28,1,1,0,1,1,1
domestic,22,3,13.9,40.44,5.6,5.68,0,0,0,0,0,0
domestic,31,4,27.9,36.79,4.7,4.63,0,0,0,0,0,0
domestic,25,4,37.7,42.9,6.9,5.65,1,1,0,0,0,0
domestic,26,2,4.3,23.62,2.2,3.95,0,0,0,0,0,0
domestic,23,1,9.9,48.53,4.8,4.96,0,0,0,0,0,0
domestic,21,3,18.4,77.0,7.5,3.8,1,1,1,1,1,1
domestic,27,7,18.7,22.55,2.2,1.73,0,0,0,0,0,0
domestic,22,2,8.2,47.58,4.8,4.35,0,0,0,0,0,0
international,28,9,15.4,87.14,6.5,9.2,1,1,1,1,1,1
domestic,24,7,5.4,36.05,2.1,5.07,0,0,0,0,0,0
domestic,31,7,15.0,70.99,4.9,4.54,0,0,1,1,0,0
domestic,23,1,21.8,48.12,7.3,3.71,1,1,0,0,1,0
domestic,21,5,13.2,44.92,3.8,5.8,0,0,0,0,0,0
domestic,28,8,31.6,47.7,4.3,4.38,0,0,0,0,0,0
domestic,23,5,3.0,37.13,4.1,4.88,0,0,0,0,0,0
domestic,23,3,5.6,51.15,4.0,2.89,0,0,0,0,0,0
international,28,4,15.5,64.43,4.9,9.1,1,0,0,1,1,0
international,21,4,8.5,76.51,6.0,62.3,1,1,1,1,1,1
international,25,7,27.4,60.68,7.1,,1,1,0,1,1,0
international,32,9,30.6,44.06,3.6,2.6,0,0,0,0,0,0
domestic,22,4,8.4,55.56,5.3,3.93,0,1,0,0,0,0
international,24,2,32.4,73.08,7.4,83.4,1,1,1,1,1,1
international,21,1,36.9,80.35,8.0,1.7,1,1,1,1,1,1
international,22,6,31.0,86.13,5.9,A,0,1,1,1,0,1
domestic,24,3,36.5,65.8,7.8,3.68,1,1,0,1,1,1
international,25,7,49.6,76.12,8.2,,1,1,1,1,1,1
domestic,20,4,1.5,79.27,7.2,5.62,1,1,1,1,1,1
domestic,21,4,16.9,59.88,4.0,4.12,0,0,0,0,0,0
international,29,3,51.0,22.93,5.5,72.2,0,0,0,0,0,0
domestic,28,8,25.6,50.61,4.3,3.15,0,0,0,0,0,0
domestic,22,6,11.1,64.98,5.9,5.56,1,1,0,1,0,1
domestic,26,5,1.1,67.77,3.7,5.05,0,0,0,1,0,0
domestic,29,6,17.4,80.39,6.3,5.36,1,1,1,1,1,1
international,19,1,25.1,66.53,8.4,3.6,1,1,1,1,1,1
domestic,28,6,2.9,51.8,3.4,5.58,0,0,0,0,0,0
international,25,8,13.7,57.37,1.9,98.3,0,0,0,0,0,0
international,20,4,19.4,54.14,6.3,2.9,0,1,0,1,0,0
domestic,20,4,46.6,33.44,6.0,5.21,0,0,0,0,0,0
international,24,1,28.8,78.69,5.7,84.4,1,1,1,1,1,1
domestic,20,0,7.1,40.15,5.1,5.08,0,0,0,0,0,0
domestic,20,1,9.5,67.36,6.0,3.76,1,1,0,1,1,1
domestic,23,4,5.4,79.49,7.4,4.42,1,1,1,1,1,1
domestic,24,4,35.9,62.09,4.7,5.18,0,0,0,0,0,0
domestic,27,7,10.2,39.14,2.8,2.92,0,0,0,0,0,0
domestic,21,5,5.6,51.71,4.6,3.27,1,0,0,0,0,0
domestic,28,6,1.6,38.86,4.5,5.1,0,0,0,0,0,0
domestic,32,11,48.2,57.52,6.0,5.12,0,0,0,0,0,0
domestic,23,7,10.8,16.54,2.8,4.84,0,0,0,0,0,0
domestic,27,4,10.1,53.84,4.4,3.66,0,0,0,0,0,0
domestic,21,3,20.6,43.29,4.9,5.74,0,0,0,0,0,0
international,27,7,12.8,82.19,4.0,5.1,1,0,1,1,1,0
domestic,23,3,34.8,70.45,7.2,5.0,1,1,1,1,0,1
international,33,2,7.6,55.52,2.2,B,0,0,0,0,0,0
international,24,5,27.4,69.68,6.8,24.0,1,1,1,1,1,1
domestic,22,3,8.3,45.87,2.9,3.1,0,0,0,0,0,0
domestic,25,11,25.4,45.56,8.6,5.59,1,1,0,0,0,0
domestic,22,2,10.9,80.48,5.0,4.8,1,1,1,1,1,1
domestic,35,4,34.1,48.27,5.7,4.32,0,0,0,0,0,0
domestic,32,6,16.4,46.59,3.5,4.98,0,0,0,0,0,0
international,20,0,8.9,48.96,4.4,82.1,1,0,0,0,0,0
domestic,24,5,25.1,74.39,6.4,4.81,1,1,1,1,1,1
domestic,22,1,14.6,64.46,4.0,3.21,0,0,0,0,0,0
domestic,30,6,14.8,33.04,3.3,4.21,0,0,0,0,0,0
domestic,33,2,19.8,18.66,3.5,3.02,0,0,0,0,0,0
domestic,21,2,8.0,66.31,4.7,2.6,0,1,0,1,1,1
domestic,28,10,29.3,67.95,5.6,5.07,0,0,0,1,0,0
domestic,24,7,8.6,31.1,2.2,4.78,0,0,0,0,0,0
domestic,27,8,13.3,53.25,5.3,5.06,0,0,0,0,0,0
domestic,25,4,29.3,21.04,4.4,5.2,0,0,0,0,0,0
international,24,6,20.1,75.2,5.5,2.0,1,1,1,1,0,1
domestic,25,7,34.4,53.48,3.7,3.07,0,0,0,0,0,0
domestic,20,1,6.6,48.05,7.2,,1,1,0,0,1,1
domestic,25,7,11.7,66.44,7.2,5.23,1,1,0,1,1,1
domestic,21,5,12.4,41.55,6.2,4.99,0,1,0,0,0,0
domestic,22,5,16.1,44.58,5.4,4.72,0,0,0,0,0,0
domestic,25,10,19.5,55.25,4.7,4.8,1,0,0,0,0,0
domestic,26,5,30.4,75.5,5.8,3.71,1,1,1,1,0,1
domestic,21,3,8.4,32.29,5.6,4.58,0,0,0,0,0,0
domestic,19,1,8.0,40.52,3.2,2.22,0,0,0,0,0,0
domestic,22,6,18.9,63.71,3.5,3.34,0,0,0,0,0,0
domestic,21,6,11.8,46.8,4.4,4.46,0,0,0,0,0,0
domestic,24,7,10.1,41.8,6.1,,0,0,0,0,0,0
domestic,22,2,34.2,54.5,4.6,2.11,0,0,0,0,0,0
domestic,25,6,45.3,75.96,4.2,5.24,0,0,1,1,0,0
international,27,10,53.0,52.5,5.3,B,0,0,0,0,0,0
international,24,3,45.0,55.04,6.1,80.6,0,1,0,1,0,0
international,29,6,21.3,57.81,5.0,,1,0,0,1,1,0
domestic,21,3,1.9,55.51,2.6,5.53,0,0,0,0,0,0
domestic,21,6,19.6,79.37,6.4,4.89,1,1,1,1,1,1
domestic,29,7,40.4,24.45,4.6,3.0,0,0,0,0,0,0
domestic,35,8,18.5,57.09,6.1,2.51,0,0,0,0,0,0
international,29,3,25.3,44.82,2.9,77.1,0,0,0,0,0,0
international,22,3,13.5,82.95,7.9,4.3,1,1,1,1,1,1
international,35,11,63.0,21.28,4.0,C,0,0,0,0,0,0
domestic,27,4,3.6,52.89,1.5,2.53,0,0,0,0,0,0
domestic,27,8,21.4,37.25,6.4,3.38,0,0,0,0,0,0
domestic,27,10,4.4,44.53,4.3,5.94,0,0,0,0,0,0
domestic,24,7,7.1,53.77,4.1,5.41,0,0,0,0,0,0
domestic,26,6,0.5,62.03,2.2,2.37,0,0,0,0,0,0
domestic,25,3,10.8,35.09,4.8,4.43,0,0,0,0,0,0
international,29,5,6.8,50.99,2.6,3.8,0,0,0,0,0,0
international,23,1,27.5,41.93,4.8,6.6,0,0,0,0,0,0
international,32,8,15.6,51.98,4.1,92.0,0,0,0,0,0,0
international,22,6,12.8,55.81,3.8,1.8,0,0,0,0,0,0
domestic,34,11,15.3,58.98,2.7,3.9,0,0,0,0,0,0
domestic,27,11,7.1,40.7,1.5,2.91,0,0,0,0,0,0
domestic,25,5,5.5,44.33,3.9,4.44,0,0,0,0,0,0
domestic,29,9,29.9,35.01,1.6,5.41,0,0,0,0,0,0
international,28,7,14.6,74.04,5.2,1.7,0,0,1,1,1,0
domestic,22,2,14.3,73.84,8.0,,1,1,1,1,1,1
domestic,28,7,42.6,42.23,6.7,1.47,0,0,0,0,0,0
domestic,30,7,40.9,44.1,6.8,4.02,0,0,0,0,0,0
domestic,31,4,28.1,27.01,3.6,4.15,0,0,0,0,0,0
international,26,2,33.7,83.7,8.0,A,1,1,1,1,1,1
domestic,26,9,35.1,23.3,5.3,5.65,0,0,0,0,0,0
domestic,20,2,0.7,72.38,5.5,4.73,1,1,1,1,1,1
domestic,29,2,16.3,58.31,5.8,5.86,0,1,0,0,1,0
international,23,1,53.1,63.74,6.1,,1,1,0,1,0,1
domestic,23,3,0.4,68.44,2.9,3.1,0,0,1,0,0,0
domestic,26,7,50.7,44.15,5.8,3.56,0,0,0,0,0,0
domestic,27,1,19.7,55.57,4.3,4.08,0,0,0,0,0,0
domestic,28,7,29.3,51.19,3.1,2.94,0,0,0,0,0,0
international,22,3,35.8,48.83,5.4,2.1,0,0,0,0,0,0
domestic,26,5,30.4,32.16,5.2,4.21,0,0,0,0,0,0
international,24,2,8.4,61.67,3.9,66.4,0,0,0,1,0,0
international,20,2,5.9,78.06,7.4,35.6,1,1,1,1,1,1
domestic,29,8,24.2,62.82,5.2,2.2,0,0,0,1,0,0
domestic,24,8,9.3,65.73,7.9,5.79,1,1,0,1,1,1
domestic,31,5,18.3,11.23,3.8,5.18,0,0,0,0,0,0
domestic,24,7,17.5,66.75,5.8,5.07,0,1,0,1,0,0
domestic,26,5,28.6,74.42,5.1,3.82,1,1,1,1,1,1
international,25,6,45.8,78.54,5.4,7.3,1,1,1,1,1,1
international,30,8,35.2,73.41,4.6,A,0,0,1,1,0,0
international,25,6,17.6,68.05,5.4,A,1,1,1,1,1,0
domestic,20,4,3.8,58.32,5.5,4.38,0,1,0,0,0,0
domestic,22,5,2.4,58.87,4.1,5.25,0,0,0,0,0,0
domestic,23,3,29.4,79.89,5.8,2.48,1,1,1,1,1,1
domestic,28,9,55.5,58.46,5.8,,1,0,0,0,0,0
domestic,29,8,16.1,40.2,3.2,5.38,0,0,0,0,0,0
domestic,19,1,0.9,64.78,6.0,4.72,1,1,0,1,1,1
domestic,24,4,28.1,61.38,6.0,2.65,1,1,0,1,1,0
international,33,10,38.6,60.45,4.1,1.5,0,0,0,1,0,0
domestic,25,4,19.6,60.52,6.6,3.65,1,1,0,1,1,0
domestic,30,10,5.7,58.94,3.0,2.83,0,0,0,0,0,0
domestic,19,2,12.0,63.46,6.5,5.41,1,1,0,1,1,1
domestic,25,3,17.0,22.74,1.4,3.13,0,0,0,0,0,0
domestic,29,4,9.2,55.63,6.1,5.83,0,0,0,0,1,0
international,28,6,18.0,69.61,8.5,,1,1,1,1,1,1
domestic,29,8,0.8,44.47,1.7,3.92,0,0,0,0,0,0
domestic,21,4,12.7,61.22,7.5,,1,1,0,1,1,1
international,22,1,32.1,87.59,6.5,92.0,1,1,1,1,1,1
domestic,24,2,25.4,35.04,3.5,4.57,0,0,0,0,0,0
domestic,22,4,16.6,66.77,5.8,4.19,1,1,0,1,1,1
international,31,8,53.5,65.89,5.2,A,0,0,1,1,0,0
domestic,27,5,12.6,66.14,4.3,4.73,0,0,0,1,0,0
domestic,22,4,6.4,47.04,6.1,5.65,0,1,0,0,0,0
domestic,20,3,1.9,53.78,6.0,4.2,1,1,0,0,0,0
domestic,26,6,3.7,36.43,3.5,3.24,0,0,0,0,0,0
international,30,8,33.0,53.68,3.1,76.5,0,0,0,0,0,0
domestic,20,4,9.9,36.25,5.5,4.3,0,0,0,0,0,0
domestic,26,9,36.9,39.83,5.3,5.68,0,0,0,0,0,0
international,33,7,39.1,32.87,4.9,A,0,0,0,0,0,0
domestic,21,5,2.4,85.8,6.5,,1,1,1,1,1,1
international,21,3,68.5,50.44,7.7,5.9,1,1,0,1,0,1
international,32,10,39.3,53.96,3.0,2.4,0,0,0,0,0,0
international,32,7,23.4,59.92,5.1,B,1,0,0,1,1,0
domestic,30,6,23.1,39.69,3.7,,0,0,0,0,0,0
domestic,31,4,27.9,60.7,5.7,5.68,1,0,0,0,1,0
domestic,28,10,51.2,19.02,2.5,3.45,0,0,0,0,0,0
international,28,7,30.6,66.73,4.2,B,0,0,1,1,0,0
international,27,8,16.2,77.24,7.2,37.4,1,1,1,1,1,1
domestic,32,8,28.1,51.95,5.2,4.83,0,0,0,0,0,0
domestic,25,4,24.8,49.3,3.5,2.84,0,0,0,0,0,0
domestic,28,8,3.5,50.53,1.1,4.32,0,0,0,0,0,0
international,35,11,47.6,51.76,2.2,A,0,0,0,0,0,0
international,28,5,1.5,41.11,2.5,47.0,0,0,0,0,0,0
domestic,23,3,12.6,71.7,6.3,2.85,0,1,1,1,1,1
domestic,23,4,19.9,45.25,8.6,5.43,0,1,0,0,1,0
domestic,21,2,9.9,73.55,6.7,4.93,1,1,1,1,1,1
domestic,21,2,22.1,80.24,4.3,4.6,0,1,1,1,1,1
domestic,27,6,8.0,55.4,2.3,3.0,0,0,0,0,0,0
domestic,36,5,11.1,56.14,5.8,5.26,0,0,0,0,0,0
international,33,11,27.6,88.34,6.7,48.7,1,1,1,1,1,0
domestic,22,8,9.4,60.02,2.7,3.86,0,0,0,0,0,0
domestic,29,7,1.9,32.02,2.5,2.77,0,0,0,0,0,0
domestic,23,4,10.5,77.14,7.6,5.23,1,1,1,1,1,1
international,22,5,16.2,88.12,5.5,B,1,1,1,1,1,1
domestic,29,6,5.8,43.69,6.4,5.65,0,0,0,0,0,0
domestic,27,9,35.6,26.03,4.3,5.14,0,0,0,0,0,0
domestic,32,10,7.7,41.61,1.5,4.45,0,0,0,0,0,0
domestic,25,8,1.0,54.51,3.6,3.85,0,0,0,0,0,0
domestic,29,9,29.7,54.62,5.6,5.77,0,0,0,0,0,0
domestic,30,8,5.6,47.94,5.6,3.61,0,0,0,0,0,0
domestic,26,4,18.6,64.65,5.3,4.13,1,1,0,1,1,0
international,22,5,31.6,60.97,4.9,49.0,0,0,0,1,0,0
domestic,27,8,57.4,52.96,7.4,4.31,0,1,0,0,0,0
domestic,34,10,20.2,58.25,6.5,5.51,0,0,0,0,0,0
domestic,26,9,17.5,32.43,2.7,4.22,0,0,0,0,0,0
domestic,24,7,10.0,55.66,3.1,5.32,0,0,0,0,0,0
domestic,29,11,2.1,31.83,3.1,4.9,0,0,0,0,0,0
domestic,20,1,22.4,66.86,6.7,5.16,1,1,0,1,1,1
domestic,35,10,29.8,54.51,6.3,4.52,0,0,0,0,0,0
domestic,30,9,16.3,58.56,3.6,3.47,0,0,0,0,0,0
international,25,4,46.6,64.02,5.9,B,0,1,0,1,0,0
domestic,24,7,7.6,40.95,4.7,,0,0,0,0,0,0
domestic,36,6,31.8,75.49,5.3,4.91,1,0,1,1,0,0
domestic,24,2,3.8,56.79,3.6,5.0,0,0,0,0,0,0
international,31,10,30.0,47.8,3.0,,0,0,0,0,0,0
domestic,28,8,44.7,25.11,6.6,5.33,0,0,0,0,0,0
international,24,5,42.8,71.72,7.3,3.8,1,1,1,1,0,1
international,25,6,4.7,65.7,3.2,A,0,0,1,1,0,0
domestic,34,10,1.5,30.93,3.2,2.29,0,0,0,0,0,0
domestic,21,3,3.5,61.17,4.3,5.66,0,0,0,0,0,0
international,22,1,48.6,89.92,6.3,1.7,1,1,1,1,1,1
domestic,28,10,21.4,64.98,2.6,5.59,0,0,0,0,0,0
domestic,22,3,4.6,59.86,4.4,5.29,1,0,0,0,0,0
domestic,29,10,20.1,40.76,2.9,2.99,0,0,0,0,0,0
domestic,28,4,14.7,59.23,5.3,4.23,0,0,0,0,0,0
domestic,27,6,5.4,63.68,5.7,2.97,0,0,0,1,1,0
international,30,8,22.9,58.13,4.8,5.1,0,0,0,1,0,0
domestic,29,4,31.2,55.46,5.1,,0,0,0,0,0,0
domestic,21,2,10.3,74.35,5.6,5.49,1,1,1,1,1,1
international,24,3,18.6,47.89,5.0,3.3,0,0,0,0,0,0
domestic,29,8,22.6,51.69,4.0,5.73,0,0,0,0,0,0
international,28,6,39.7,47.0,6.4,4.3,0,0,0,0,0,0
domestic,29,6,28.0,51.47,6.2,4.12,0,0,0,0,0,0
domestic,23,5,5.8,52.98,7.8,3.78,0,1,0,0,1,1
domestic,22,2,4.7,59.27,4.4,4.22,0,0,0,0,0,0
domestic,22,3,30.3,52.81,4.4,5.93,1,0,0,0,0,0
international,24,5,22.5,65.52,5.1,B,1,1,1,1,0,0
domestic,26,4,56.8,40.22,6.7,2.49,0,1,0,0,0,0
domestic,24,4,32.9,81.45,4.8,5.93,1,1,1,1,0,1
international,28,4,62.1,78.36,6.4,72.6,1,1,1,1,1,1
international,25,8,35.5,54.2,6.5,B,1,1,0,1,0,0
international,37,12,46.1,66.74,6.4,A,1,0,1,1,0,0
domestic,28,4,19.5,50.5,5.8,,0,0,0,0,0,0
domestic,22,6,34.0,43.48,5.1,4.58,0,0,0,0,0,0
domestic,26,8,40.1,37.16,2.8,3.05,0,0,0,0,0,0
domestic,34,10,11.7,39.34,3.2,4.31,0,0,0,0,0,0
domestic,26,9,26.3,37.63,5.0,5.22,0,0,0,0,0,0
domestic,21,1,0.2,89.95,6.7,2.79,1,1,1,1,1,1
domestic,31,7,10.8,65.37,3.5,3.52,0,0,0,0,0,0
domestic,22,3,19.8,57.9,5.4,4.3,1,1,0,0,0,0
domestic,22,3,12.2,50.38,4.5,3.05,0,0,0,0,0,0
domestic,29,9,9.7,66.22,5.9,3.65,1,0,0,1,0,0
domestic,28,4,4.5,55.01,5.5,5.26,0,0,0,0,0,0
international,27,4,12.2,72.36,5.1,,1,1,1,1,1,1
domestic,26,4,3.3,31.73,2.9,4.61,0,0,0,0,0,0
domestic,24,5,16.7,25.92,3.5,4.97,0,0,0,0,0,0
domestic,34,8,2.8,27.73,4.2,3.52,0,0,0,0,0,0
domestic,27,5,3.0,35.06,4.7,4.71,0,0,0,0,0,0
domestic,35,5,21.2,52.2,3.7,4.34,0,0,0,0,0,0
domestic,31,8,3.7,62.06,2.7,4.06,0,0,0,0,0,0
domestic,21,6,7.5,88.22,5.9,2.88,1,1,1,1,1,1
domestic,20,3,12.4,69.68,6.4,4.32,1,1,1,1,1,1
domestic,20,1,19.1,85.12,8.2,3.01,1,1,1,1,1,1
domestic,24,4,0.6,75.22,5.5,3.32,1,1,1,1,1,1
domestic,24,7,23.0,47.86,4.2,4.76,0,0,0,0,0,0
domestic,25,1,17.2,50.13,6.7,3.93,0,1,0,0,1,0
international,19,2,20.3,62.63,4.8,A,0,1,0,1,0,1
domestic,27,11,14.9,39.09,1.2,2.87,0,0,0,0,0,0
domestic,26,1,2.8,51.13,3.0,3.86,0,0,0,0,0,0
international,24,5,16.3,48.22,6.6,1.7,0,1,0,0,0,0
domestic,20,2,14.2,79.09,8.2,5.04,1,1,1,1,1,1
international,27,6,16.1,84.12,5.6,6.6,1,1,1,1,1,1
international,30,4,35.1,46.17,3.0,7.4,0,0,0,0,0,0
domestic,26,9,18.5,63.05,4.5,1.91,0,0,0,0,0,0
domestic,21,1,7.0,56.04,2.4,3.72,0,0,0,0,0,0
domestic,21,6,7.1,73.92,5.7,2.63,1,1,1,1,1,1
domestic,29,2,16.4,52.21,6.9,5.84,1,1,0,0,1,0
international,20,1,5.0,62.27,4.7,4.9,1,1,0,1,0,1
domestic,30,6,20.1,27.22,4.9,4.43,0,0,0,0,0,0
domestic,25,8,18.1,71.51,5.5,4.44,1,1,1,1,0,0
international,22,5,13.1,69.1,4.6,46.9,0,0,1,1,0,0
domestic,23,6,35.2,76.59,8.1,5.63,1,1,1,1,1,1
domestic,25,2,8.4,30.23,4.2,,0,0,0,0,0,0
domestic,24,6,20.1,50.93,2.3,4.82,0,0,0,0,0,0
domestic,27,4,34.6,30.86,5.3,4.27,0,0,0,0,0,0
domestic,21,5,35.6,89.84,7.2,2.67,1,1,1,1,1,1
domestic,20,2,19.2,68.73,2.2,4.21,0,0,1,0,0,0
domestic,37,11,14.3,43.99,2.1,4.29,0,0,0,0,0,0
domestic,20,1,25.9,56.56,8.2,1.59,1,1,0,1,1,1
domestic,23,2,21.5,59.85,7.9,5.45,1,1,0,1,1,1
domestic,25,4,3.9,65.52,4.0,5.33,0,0,0,0,0,0
domestic,29,10,3.7,46.9,2.4,2.04,0,0,0,0,0,0
domestic,27,5,33.1,73.87,4.6,5.28,1,0,1,1,0,0
domestic,32,3,4.5,34.51,3.4,3.89,0,0,0,0,0,0
domestic,22,5,3.9,41.38,5.6,3.49,0,0,0,0,0,0
domestic,24,7,2.8,71.15,2.1,4.09,0,0,1,1,0,0
international,22,4,42.9,77.78,6.4,32.1,1,1,1,1,0,1
domestic,25,2,42.6,21.7,4.5,5.26,0,0,0,0,0,0
international,22,4,15.0,61.5,5.4,4.2,0,1,0,1,0,0
international,34,6,37.7,72.45,4.8,85.0,0,0,1,1,0,0
international,19,2,13.8,68.54,6.4,3.2,1,1,1,1,1,1
international,23,2,5.6,53.09,4.1,5.2,0,0,0,0,0,0
domestic,27,4,11.7,36.94,3.9,,0,0,0,0,0,0
domestic,25,5,27.2,48.22,5.6,3.91,1,0,0,0,0,0
domestic,28,8,47.7,51.81,6.1,3.65,0,0,0,0,0,0
domestic,21,3,16.5,79.06,6.8,4.22,1,1,1,1,1,1
domestic,22,8,7.2,60.1,5.6,,0,1,0,0,0,0
domestic,28,2,11.4,65.42,1.2,5.56,0,0,0,0,0,0
domestic,27,1,2.0,66.16,2.4,3.68,0,0,0,0,0,0
international,25,5,2.5,72.08,2.5,78.3,0,0,1,1,0,0
domestic,32,5,8.7,24.16,1.2,4.99,0,0,0,0,0,0
domestic,28,5,10.9,53.55,5.8,4.42,0,0,0,0,0,0
domestic,31,4,6.0,65.37,4.7,5.54,0,0,0,1,0,0
domestic,20,3,30.7,57.75,7.4,3.51,1,1,0,1,0,1
domestic,20,2,16.1,69.53,6.4,2.89,1,1,1,1,1,1
domestic,31,9,9.4,37.36,3.9,4.03,0,0,0,0,0,0
domestic,23,3,1.9,77.58,5.7,4.98,1,1,1,1,1,1
domestic,20,1,11.2,50.06,5.3,3.68,1,1,0,0,0,0
domestic,20,3,18.6,71.35,5.0,4.82,1,1,1,1,1,1
domestic,27,7,14.1,62.49,3.7,5.48,0,0,0,0,0,0
domestic,23,5,1.2,30.76,3.2,3.77,0,0,0,0,0,0
domestic,19,0,3.7,77.23,6.6,1.69,1,1,1,1,1,1
domestic,24,5,16.9,37.66,3.1,3.46,0,0,0,0,0,0
domestic,20,3,8.9,40.05,5.7,5.04,0,1,0,0,0,0
domestic,29,6,40.4,37.24,5.7,5.55,0,0,0,0,0,0
international,25,3,28.0,61.46,4.1,3.7,0,0,0,1,1,0
international,21,3,33.9,77.08,7.3,6.1,1,1,1,1,1,1
international,21,1,27.0,68.37,6.5,5.1,1,1,1,1,1,1
domestic,22,6,15.4,81.3,5.2,5.5,1,1,1,1,1,1
domestic,29,7,11.3,32.16,4.0,4.23,0,0,0,0,0,0
domestic,22,5,6.2,73.39,4.3,5.14,0,0,1,1,0,1
domestic,27,8,46.5,35.43,2.5,4.96,0,0,0,0,0,0
domestic,24,3,9.1,74.54,7.0,4.01,1,1,1,1,1,1
international,26,10,24.8,81.28,3.6,76.8,0,0,1,1,0,0
domestic,23,1,37.9,62.31,7.0,5.81,1,1,0,1,0,1
domestic,27,10,46.1,49.73,5.1,2.44,0,0,0,0,0,0
domestic,28,6,23.6,68.89,6.8,5.9,1,1,1,1,1,1
domestic,24,5,20.4,69.15,5.9,2.9,1,1,1,1,1,1
international,25,3,39.0,36.23,6.2,B,0,0,0,0,0,0
domestic,23,3,2.7,29.18,2.9,4.39,0,0,0,0,0,0
domestic,22,6,8.2,69.09,4.8,4.04,0,1,1,1,0,0
domestic,21,5,8.2,26.94,3.0,5.54,0,0,0,0,0,0
domestic,23,8,18.2,58.15,4.6,4.23,0,0,0,0,0,0
international,28,9,11.4,64.26,6.0,3.4,0,0,0,1,1,0
domestic,25,4,5.0,43.66,3.2,,0,0,0,0,0,0
domestic,25,6,8.2,53.95,2.0,5.69,0,0,0,0,0,0
international,25,3,1.2,72.14,3.1,9.1,0,0,1,1,1,0
international,21,1,32.3,66.74,3.4,2.2,0,0,1,1,0,0
international,21,0,56.8,51.09,5.1,5.0,0,1,0,0,0,0
domestic,26,3,25.2,57.01,7.9,5.5,1,1,0,1,1,1
domestic,22,6,18.2,59.39,4.8,5.68,1,0,0,0,0,0
international,29,7,33.0,43.65,2.7,6.0,0,0,0,0,0,0
domestic,24,3,9.5,76.57,2.3,2.78,0,0,1,1,0,0
domestic,23,3,10.8,57.75,5.5,5.99,0,1,0,0,0,0
domestic,34,6,6.8,62.83,4.1,1.56,0,0,0,0,0,0
domestic,26,5,3.7,47.48,4.6,5.29,0,0,0,0,0,0
domestic,34,5,7.6,65.67,5.2,4.61,0,0,0,1,1,0
domestic,30,5,25.9,42.84,3.2,5.55,0,0,0,0,0,0
domestic,26,3,36.9,58.31,5.5,4.97,0,0,0,0,0,0
domestic,34,11,26.4,29.48,3.7,3.45,0,0,0,0,0,0
domestic,23,8,2.3,28.65,1.9,4.92,0,0,0,0,0,0
domestic,24,3,11.4,66.85,3.7,5.5,0,0,0,1,0,0
domestic,36,9,39.9,59.96,4.0,4.62,0,0,0,0,0,0
domestic,24,1,9.0,39.12,5.3,4.69,0,0,0,0,0,0
domestic,24,5,4.9,46.48,2.1,5.45,0,0,0,0,0,0
domestic,30,10,8.7,51.5,4.6,2.96,0,0,0,0,0,0
domestic,29,8,21.2,46.92,5.3,3.45,0,0,0,0,0,0
domestic,22,4,12.1,43.39,6.1,4.25,1,1,0,0,0,0
domestic,29,9,15.1,59.02,4.6,3.87,0,0,0,0,0,0
domestic,37,12,22.6,40.4,2.8,3.29,0,0,0,0,0,0
domestic,36,11,15.6,41.91,3.0,5.88,0,0,0,0,0,0
domestic,23,5,4.6,24.88,5.3,5.37,0,0,0,0,0,0
domestic,29,4,26.8,49.23,4.4,,0,0,0,0,0,0
domestic,22,6,42.9,51.21,4.6,4.81,0,0,0,0,0,0
international,32,7,40.9,72.0,4.4,90.1,1,0,1,1,0,0
domestic,28,10,3.5,64.33,3.8,3.79,0,0,0,0,0,0
domestic,31,7,5.3,44.48,2.6,4.35,0,0,0,0,0,0
international,22,2,13.5,79.69,5.0,8.4,1,1,1,1,1,1
domestic,21,6,1.8,70.78,4.9,2.72,1,1,1,1,0,1
domestic,23,4,8.3,44.31,4.2,4.15,0,0,0,0,0,0
domestic,30,8,21.9,29.61,3.0,3.95,0,0,0,0,0,0
domestic,24,7,24.1,49.74,4.6,4.06,0,0,0,0,0,0
domestic,31,8,20.6,50.53,4.1,5.36,0,0,0,0,0,0
international,29,5,7.2,92.09,4.8,5.9,1,1,1,1,1,1
domestic,24,7,22.4,50.2,6.7,5.51,0,1,0,0,0,0
domestic,33,10,40.1,69.65,5.9,5.66,0,0,1,1,0,0
international,23,8,24.6,76.74,7.1,A,1,1,1,1,1,1
domestic,35,10,5.3,26.29,1.4,2.92,0,0,0,0,0,0
domestic,20,2,6.6,58.67,7.1,5.19,0,1,0,1,1,1
domestic,24,2,14.3,54.81,5.1,5.36,0,0,0,0,0,0
domestic,21,5,8.0,47.9,3.8,4.22,0,0,0,0,0,0
domestic,22,5,5.7,62.77,7.2,3.04,1,1,0,1,1,1
domestic,23,4,8.1,50.84,5.7,3.47,0,1,0,0,0,0
domestic,22,7,33.6,75.04,8.6,5.68,1,1,1,1,1,1
domestic,31,7,15.3,90.17,3.7,5.08,1,0,1,1,1,0
domestic,27,9,37.4,37.3,5.1,2.2,0,0,0,0,0,0
domestic,35,11,38.6,46.3,5.0,5.82,0,0,0,0,0,0
domestic,26,9,4.7,33.31,2.1,4.85,0,0,0,0,0,0
domestic,23,5,24.8,58.71,5.3,5.69,0,0,0,0,0,0
domestic,27,4,13.8,51.26,3.3,3.28,0,0,0,0,0,0
domestic,39,12,36.7,31.57,3.3,3.23,0,0,0,0,0,0
international,26,4,22.5,69.39,4.8,4.1,1,0,1,1,1,0
international,20,0,29.5,57.39,6.0,4.8,1,1,0,1,1,1
domestic,27,8,37.1,18.78,3.1,2.98,0,0,0,0,0,0
international,26,6,46.8,59.11,5.7,64.2,0,0,0,1,0,0
domestic,32,8,27.5,53.3,4.0,3.01,0,0,0,0,0,0
domestic,26,6,18.1,71.09,5.1,5.14,1,0,1,1,1,0
domestic,27,4,48.6,74.15,5.7,4.71,1,1,1,1,0,1
domestic,21,3,11.6,74.13,4.2,2.36,1,1,1,1,1,1
domestic,21,1,4.1,64.92,6.8,5.52,1,1,0,1,1,1
domestic,26,6,4.0,72.07,3.0,2.63,0,0,1,1,0,0
international,21,4,11.8,66.22,5.2,2.2,1,1,1,1,0,1
domestic,29,8,40.3,38.08,2.0,2.67,0,0,0,0,0,0
international,25,5,46.6,66.04,4.9,B,1,0,1,1,0,0
international,31,4,28.0,40.53,6.6,3.4,0,0,0,0,1,0
international,30,8,42.5,42.94,5.1,3.9,0,0,0,0,0,0
international,29,8,31.0,39.56,4.5,F,0,0,0,0,0,0
international,21,2,19.9,71.54,8.0,3.5,1,1,1,1,1,1
domestic,33,8,22.2,81.86,7.5,5.25,1,1,1,1,1,1
domestic,30,6,4.4,57.7,2.6,5.63,0,0,0,0,0,0
domestic,31,6,42.4,38.33,5.2,4.1,0,0,0,0,0,0
domestic,27,6,34.2,64.49,4.4,4.72,0,0,0,0,0,0
international,33,6,4.3,70.69,6.0,B,1,0,1,1,1,0
domestic,35,8,40.8,64.5,7.3,3.18,1,1,0,1,0,0
domestic,34,8,41.7,65.03,5.6,5.5,0,0,0,1,0,0
domestic,24,8,10.1,65.94,1.8,5.45,0,0,0,0,0,0
international,24,5,23.8,67.96,5.4,9.3,0,1,1,1,0,0
international,31,5,7.3,82.84,5.6,86.6,1,1,1,1,1,1
domestic,29,2,9.5,65.57,4.1,4.27,1,0,0,1,1,0
domestic,24,4,7.4,70.85,6.3,4.11,1,1,1,1,1,1
domestic,28,7,40.2,66.32,8.6,4.87,1,1,0,1,1,1
domestic,24,5,7.5,46.95,4.5,4.84,0,0,0,0,0,0
international,22,2,34.3,49.48,8.4,3.4,1,1,0,1,0,1
international,27,6,33.5,69.73,5.1,46.7,1,0,1,1,0,0
domestic,21,6,6.4,58.77,7.4,3.42,0,1,0,1,1,1
domestic,22,5,6.0,63.18,5.2,3.71,0,1,0,1,0,0
domestic,26,5,13.9,45.91,4.1,5.05,0,0,0,0,0,0
domestic,38,12,25.0,50.74,2.7,4.95,0,0,0,0,0,0
domestic,24,11,13.3,20.27,2.9,4.37,0,0,0,0,0,0
domestic,34,9,13.3,33.91,1.7,5.39,0,0,0,0,0,0
domestic,20,1,13.7,83.68,7.4,1.64,1,1,1,1,1,1
domestic,25,8,23.1,72.18,7.0,4.23,0,1,1,1,1,1
domestic,22,4,22.8,56.61,4.0,4.6,0,0,0,0,0,0
domestic,24,5,20.7,76.67,4.4,2.99,0,0,1,1,0,1
domestic,30,7,3.7,29.12,2.0,5.84,0,0,0,0,0,0
international,24,4,7.2,60.61,5.1,5.3,1,0,0,1,0,0
international,26,3,5.8,61.02,6.0,C,0,1,0,1,1,0
domestic,26,3,42.9,39.02,3.7,3.91,0,0,0,0,0,0
domestic,21,1,14.0,81.57,6.3,3.17,1,1,1,1,1,1
domestic,20,4,7.5,47.8,6.7,5.54,0,1,0,0,0,0
domestic,32,6,26.9,29.86,2.7,3.74,0,0,0,0,0,0
domestic,25,7,13.4,53.98,4.9,4.35,0,0,0,0,0,0
domestic,23,3,6.4,44.38,3.8,5.24,0,0,0,0,0,0
domestic,20,1,6.5,67.44,5.0,2.68,0,1,0,1,1,1
domestic,20,2,1.7,73.06,6.1,2.89,1,1,1,1,1,1
domestic,24,7,5.8,62.63,3.8,4.18,0,0,0,0,0,0
domestic,19,2,1.1,52.56,4.3,3.47,0,0,0,0,0,0
international,22,4,16.3,88.56,4.5,4.9,1,1,1,1,1,1
international,25,6,38.5,58.6,5.4,A,1,0,0,1,0,0
domestic,30,10,12.1,60.36,5.0,3.6,0,0,0,0,0,0
domestic,32,9,10.8,53.92,1.8,5.06,0,0,0,0,0,0
domestic,33,8,19.5,40.13,2.5,4.91,0,0,0,0,0,0
domestic,37,9,17.7,33.83,2.2,2.35,0,0,0,0,0,0
domestic,29,2,7.2,71.88,3.8,5.49,0,0,1,1,1,0
international,23,1,34.3,32.23,5.2,,0,0,0,0,0,0
domestic,26,5,39.3,43.51,6.9,5.06,0,1,0,0,0,0
domestic,25,3,2.9,38.83,1.8,3.41,0,0,0,0,0,0
domestic,20,3,31.5,56.82,7.7,4.19,1,1,0,1,0,1
domestic,24,4,13.8,81.57,5.9,2.56,1,1,1,1,1,1
domestic,30,11,20.9,66.95,5.7,5.38,0,0,0,1,0,0
domestic,20,4,56.0,49.34,5.4,5.85,1,1,0,0,0,0
domestic,24,5,25.9,55.14,6.8,5.28,1,1,0,0,1,0
domestic,29,9,20.2,59.34,5.3,5.59,0,0,0,0,0,0
domestic,24,2,35.1,32.32,5.8,5.64,0,0,0,0,0,0
domestic,28,5,51.5,59.79,6.8,2.53,0,1,0,1,0,0
domestic,23,2,22.0,40.34,5.8,3.83,0,0,0,0,0,0
domestic,26,3,13.3,33.77,4.2,3.65,0,0,0,0,0,0
domestic,22,2,15.5,32.66,3.8,3.1,0,0,0,0,0,0
domestic,33,10,9.4,41.57,3.1,4.04,0,0,0,0,0,0
international,23,3,16.7,80.86,6.4,2.0,1,1,1,1,1,1
international,28,11,9.1,45.81,2.5,D,0,0,0,0,0,0
domestic,26,6,23.9,52.55,5.5,5.74,0,0,0,0,0,0
domestic,34,10,37.7,40.03,4.3,,0,0,0,0,0,0
domestic,29,10,26.6,55.64,3.6,3.46,0,0,0,0,0,0
domestic,29,8,7.3,41.99,1.0,3.95,0,0,0,0,0,0
domestic,28,4,26.5,42.92,3.7,3.51,0,0,0,0,0,0
international,28,3,21.3,70.66,7.2,2.8,1,1,1,1,1,1
domestic,26,6,9.2,40.0,3.8,4.5,0,0,0,0,0,0
domestic,34,9,4.7,27.38,3.0,4.79,0,0,0,0,0,0
domestic,21,2,20.6,77.3,7.8,4.5,1,1,1,1,1,1
domestic,19,1,10.8,55.28,6.6,5.48,1,1,0,0,1,1
domestic,21,0,3.4,47.61,5.8,4.0,0,1,0,0,1,0
domestic,30,4,40.2,54.0,3.7,3.29,0,0,0,0,0,0
international,29,10,13.4,36.16,4.8,8.8,0,0,0,0,0,0
domestic,25,9,6.6,44.04,3.4,2.52,0,0,0,0,0,0
domestic,32,6,24.6,64.18,5.9,4.93,1,0,0,1,1,0
domestic,24,7,20.1,47.2,4.0,5.48,0,0,0,0,0,0
domestic,20,2,6.5,67.64,4.2,5.0,1,1,0,1,0,1
international,19,0,16.9,85.88,6.1,86.7,1,1,1,1,1,1
domestic,36,10,19.6,45.44,3.9,,0,0,0,0,0,0
domestic,22,3,3.1,60.59,5.7,5.32,0,1,0,0,1,1
international,34,10,29.9,44.89,3.8,78.1,0,0,0,0,0,0
domestic,30,11,16.6,68.45,4.8,1.4,1,0,1,1,0,0
domestic,31,8,13.0,42.59,2.2,2.82,0,0,0,0,0,0
domestic,29,7,8.1,34.24,7.1,4.32,0,0,0,0,0,0
domestic,24,8,17.9,65.87,3.3,1.81,0,0,0,0,0,0
domestic,31,10,7.5,69.97,4.3,3.14,0,0,1,1,0,0
domestic,27,7,41.4,66.84,4.0,5.78,0,0,0,1,0,0
international,27,2,36.6,83.0,7.2,8.7,1,1,1,1,1,1
domestic,26,6,14.0,83.75,5.6,5.13,1,1,1,1,1,1
international,21,1,53.5,62.33,8.7,1.5,1,1,0,1,1,1
domestic,25,5,43.5,75.68,7.1,3.95,1,1,1,1,1,1
domestic,19,2,3.6,67.27,7.9,5.3,1,1,0,1,1,1
international,23,6,21.7,49.41,3.4,8.6,0,0,0,0,0,0
international,23,5,32.5,80.3,8.0,C,1,1,1,1,1,1
domestic,33,5,13.8,37.71,3.2,4.17,0,0,0,0,0,0
domestic,28,7,7.2,90.05,7.0,,1,1,1,1,1,1
international,22,4,26.3,63.01,7.1,38.4,1,1,0,1,1,1
international,31,7,44.5,38.82,3.7,A,0,0,0,0,0,0
domestic,33,10,18.5,64.39,5.0,5.79,0,0,0,1,0,0
domestic,21,2,1.8,68.59,8.1,5.33,1,1,1,1,1,1
domestic,23,2,29.5,35.9,4.8,4.16,0,0,0,0,0,0
international,25,3,32.8,59.69,6.3,8.0,1,1,0,1,1,0
domestic,23,6,6.7,62.71,3.8,5.11,0,0,0,0,0,0
domestic,28,6,28.7,56.84,5.1,4.33,1,0,0,0,0,0
domestic,26,9,12.6,28.87,5.1,3.29,0,0,0,0,0,0
domestic,27,2,12.0,87.61,7.3,5.27,1,1,1,1,1,1
international,25,6,25.0,79.71,7.3,4.2,1,1,1,1,1,1
domestic,23,1,20.3,68.73,4.3,3.42,1,1,1,1,1,0
domestic,22,1,1.6,62.01,6.5,3.54,1,1,0,1,1,1
international,20,4,27.5,62.9,7.0,40.4,0,1,0,1,1,1
domestic,24,5,14.5,46.49,4.1,5.58,0,0,0,0,0,0
domestic,31,3,13.1,67.54,6.0,3.36,1,1,0,1,1,0
domestic,28,4,17.0,73.35,3.4,,0,0,1,1,0,0
domestic,29,4,29.4,61.52,5.7,3.04,0,0,0,0,1,0
domestic,23,4,22.1,78.34,7.4,5.29,1,1,1,1,1,1
international,28,8,40.0,82.76,5.0,88.6,1,0,1,1,0,1
domestic,30,10,45.3,50.39,4.9,3.29,0,0,0,0,0,0
international,31,7,34.3,75.13,7.1,6.2,1,1,1,1,1,1
domestic,26,9,40.0,34.03,2.8,4.59,0,0,0,0,0,0
domestic,22,1,18.0,49.52,5.6,5.04,1,1,0,0,0,0
domestic,33,7,12.9,48.63,2.0,5.18,0,0,0,0,0,0
domestic,22,7,24.9,53.37,5.3,4.59,0,0,0,0,0,0
domestic,25,6,26.4,75.17,6.0,3.76,1,1,1,1,1,1
domestic,22,1,12.8,56.18,5.3,4.46,1,1,0,0,1,0
domestic,19,1,16.7,53.7,3.8,4.66,1,0,0,0,0,0
domestic,25,4,53.3,27.75,3.0,4.25,0,0,0,0,0,0
domestic,32,4,6.6,33.74,4.9,3.68,0,0,0,0,0,0
domestic,26,9,10.9,20.69,2.9,4.6,0,0,0,0,0,0
international,25,7,43.9,67.93,7.9,51.6,1,1,1,1,1,1
domestic,24,3,7.4,84.12,6.5,4.66,1,1,1,1,1,1
international,25,7,20.6,44.97,2.8,84.0,0,0,0,0,0,0
international,21,0,9.8,95.41,8.6,82.3,1,1,1,1,1,1
domestic,32,6,4.9,15.43,2.9,3.78,0,0,0,0,0,0
domestic,37,10,9.6,53.07,2.8,3.73,0,0,0,0,0,0
domestic,24,7,23.8,58.77,2.6,5.07,0,0,0,0,0,0
international,28,1,13.4,48.17,4.5,B,0,0,0,0,1,0
domestic,28,4,19.3,58.91,5.8,3.81,1,0,0,0,1,0
international,36,11,43.4,36.82,5.5,33.3,0,0,0,0,0,0
domestic,31,10,3.9,44.4,3.0,3.24,0,0,0,0,0,0
domestic,25,6,2.9,66.79,4.9,4.7,0,0,0,1,0,0
domestic,25,2,33.0,65.79,6.4,4.05,0,1,0,1,0,1
domestic,35,11,30.7,44.41,3.6,3.86,0,0,0,0,0,0
domestic,21,3,22.0,59.1,5.8,3.1,1,1,0,0,1,0
domestic,21,6,8.9,78.85,5.7,5.51,1,1,1,1,1,1
domestic,22,2,37.7,59.72,5.2,2.91,1,1,0,0,0,0
domestic,24,5,21.9,50.52,7.3,4.54,1,1,0,0,1,0
international,20,1,5.1,57.78,4.2,88.8,0,0,0,1,0,0
international,27,10,24.2,34.76,3.7,63.5,0,0,0,0,0,0
international,21,1,37.6,64.07,7.1,79.6,1,1,0,1,0,1
domestic,24,6,14.7,59.39,6.4,4.93,1,1,0,0,0,0
domestic,22,0,4.5,60.94,5.9,4.1,1,1,0,0,1,1
domestic,24,2,42.0,70.66,7.1,4.39,1,1,1,1,1,1
domestic,25,8,7.5,59.39,4.0,5.61,0,0,0,0,0,0
domestic,22,2,8.7,55.86,2.9,4.47,0,0,0,0,0,0
domestic,23,4,13.7,79.73,7.2,3.08,1,1,1,1,1,1
domestic,23,10,34.7,61.27,5.7,4.45,0,0,0,0,0,0
domestic,31,10,38.2,80.57,5.9,4.38,1,0,1,1,0,0
domestic,25,5,5.8,24.7,4.8,4.28,0,0,0,0,0,0
international,21,5,18.5,60.39,8.2,4.4,1,1,0,1,1,1
international,25,5,40.4,81.43,4.9,5.6,1,1,1,1,1,1
domestic,30,8,29.8,27.54,5.1,2.97,0,0,0,0,0,0
domestic,20,0,4.4,66.34,5.9,4.25,1,1,0,1,1,1
international,23,1,10.8,88.19,6.8,8.2,1,1,1,1,1,1
domestic,28,5,23.4,34.94,1.5,3.49,0,0,0,0,0,0
domestic,35,9,38.8,9.16,2.4,3.86,0,0,0,0,0,0
international,29,2,12.0,50.84,2.7,B,0,0,0,0,0,0
domestic,24,8,25.2,43.74,4.1,2.83,0,0,0,0,0,0
domestic,29,6,2.8,31.64,2.3,4.93,0,0,0,0,0,0
domestic,32,6,9.9,75.9,6.3,3.47,1,1,1,1,1,0
international,30,5,22.2,24.46,4.3,5.2,0,0,0,0,0,0
domestic,22,4,31.3,56.18,6.3,5.96,0,1,0,0,0,0
domestic,21,5,1.1,69.33,5.5,3.05,1,1,1,1,1,1
international,24,7,50.7,80.1,7.9,,1,1,1,1,0,1
domestic,22,5,1.8,46.26,2.6,4.52,0,0,0,0,0,0
domestic,30,10,7.5,52.5,4.6,5.19,0,0,0,0,0,0
domestic,24,1,1.9,44.46,3.2,5.45,0,0,0,0,0,0
domestic,28,11,2.4,21.81,3.0,3.74,0,0,0,0,0,0
domestic,31,7,20.3,60.67,5.0,2.67,0,0,0,0,0,0
domestic,25,1,6.3,83.1,5.0,3.33,1,1,1,1,1,1
domestic,19,2,5.2,74.03,5.0,3.7,1,1,1,1,1,1
domestic,28,5,7.9,73.11,6.4,4.12,1,1,1,1,1,1
international,21,6,5.0,87.55,4.3,7.0,1,1,1,1,0,1
domestic,19,1,0.8,62.58,5.1,4.54,1,1,0,0,1,1
international,33,9,42.5,57.45,6.4,1.6,0,0,0,1,0,0
domestic,22,6,23.6,50.26,3.9,3.14,0,0,0,0,0,0
domestic,23,3,21.6,68.33,6.1,5.39,1,1,0,1,1,1
international,30,8,30.0,52.65,6.5,B,0,0,0,1,0,0
domestic,28,10,10.5,48.98,3.0,3.0,0,0,0,0,0,0
domestic,20,2,5.0,50.02,3.9,3.42,0,0,0,0,0,0
international,27,3,40.8,62.29,3.9,6.4,0,0,0,1,0,0
international,28,6,39.4,81.66,9.1,4.2,1,1,1,1,1,1
domestic,34,10,24.5,45.18,6.1,5.02,0,0,0,0,0,0
domestic,30,10,20.7,41.0,6.6,4.4,0,0,0,0,0,0
domestic,29,7,9.4,73.98,4.5,5.26,1,0,1,1,0,0
domestic,27,3,5.2,58.63,5.0,4.33,0,0,0,0,0,0
domestic,31,9,2.8,30.94,5.6,3.99,0,0,0,0,0,0
domestic,29,7,31.5,32.32,4.6,5.09,0,0,0,0,0,0
domestic,26,7,22.9,42.51,4.0,2.48,0,0,0,0,0,0
domestic,27,7,6.2,53.71,6.9,4.9,0,1,0,0,0,0
domestic,32,5,37.0,39.27,5.5,1.52,0,0,0,0,0,0
international,22,7,32.8,83.82,7.3,1.6,1,1,1,1,0,1
domestic,20,3,15.2,72.17,6.6,4.96,1,1,1,1,1,1
domestic,23,1,2.7,68.39,5.3,4.13,0,1,1,1,1,1
domestic,28,4,12.8,52.87,6.5,3.08,0,1,0,0,1,0
international,23,3,14.9,84.66,4.6,4.0,1,1,1,1,1,1
domestic,28,3,6.2,29.46,4.0,3.93,0,0,0,0,0,0
domestic,20,4,0.2,45.07,3.6,1.79,0,0,0,0,0,0
domestic,23,6,3.9,65.21,5.3,3.71,1,1,0,1,0,0
domestic,29,5,11.7,42.51,3.1,2.33,0,0,0,0,0,0
domestic,20,1,7.3,74.5,7.0,3.37,1,1,1,1,1,1
domestic,33,5,17.2,51.59,2.8,3.91,0,0,0,0,0,0
domestic,26,4,20.6,39.69,4.1,3.45,0,0,0,0,0,0
international,21,3,39.6,66.4,5.8,6.2,1,1,1,1,0,1
international,20,2,8.7,69.95,5.4,40.1,1,1,1,1,1,1
domestic,29,7,20.5,63.4,2.7,5.35,0,0,0,0,0,0
domestic,24,7,1.6,64.26,5.9,2.6,1,1,0,1,0,0
domestic,28,6,24.1,68.34,6.1,3.48,1,1,0,1,1,0
international,22,6,65.8,61.45,6.3,9.3,0,1,0,1,0,0
domestic,22,1,41.9,48.86,7.7,4.76,1,1,0,0,0,1
international,30,3,18.6,66.31,5.4,A,1,0,1,1,1,0
domestic,24,2,21.2,52.65,2.9,3.59,0,0,0,0,0,0
domestic,21,6,2.1,45.48,4.3,2.32,0,0,0,0,0,0
domestic,34,9,17.1,54.14,7.6,3.99,1,0,0,0,0,0
domestic,28,7,20.6,82.8,6.9,4.87,1,1,1,1,1,1
domestic,21,4,15.0,34.59,2.9,5.16,0,0,0,0,0,0
domestic,29,6,1.5,32.97,3.4,3.23,0,0,0,0,0,0
domestic,21,3,10.0,38.37,2.1,4.71,0,0,0,0,0,0
international,25,6,23.3,57.01,5.5,36.7,0,0,0,1,1,0
domestic,27,8,12.2,51.77,3.2,4.84,0,0,0,0,0,0
domestic,19,0,12.2,44.17,5.0,2.55,1,1,0,0,0,0
domestic,20,4,41.0,25.49,6.2,3.54,0,0,0,0,0,0
international,30,3,21.5,63.65,5.0,9.7,1,0,0,1,1,0
domestic,25,8,4.2,72.07,5.8,4.25,1,1,1,1,1,1
international,20,0,10.6,81.46,6.2,3.6,1,1,1,1,1,1
international,21,4,32.2,82.53,7.2,3.1,1,1,1,1,1,1
domestic,19,1,31.3,51.13,6.4,3.52,1,1,0,0,0,0
international,21,4,34.0,53.69,6.7,C,1,1,0,1,0,0
domestic,25,7,1.0,56.56,5.3,5.43,0,0,0,0,0,0
international,26,8,51.4,45.24,6.8,,0,0,0,0,0,0
domestic,29,5,26.2,24.54,2.5,3.45,0,0,0,0,0,0
domestic,36,10,50.8,56.76,5.0,2.81,0,0,0,0,0,0
domestic,22,0,44.3,42.77,8.1,3.77,1,1,0,0,0,0
domestic,23,2,4.4,37.16,5.1,2.5,1,0,0,0,0,0
domestic,21,6,17.9,60.94,3.4,3.41,0,0,0,0,0,0
domestic,29,9,5.9,70.95,6.7,5.61,0,1,1,1,1,0
domestic,31,4,14.6,57.05,7.0,3.39,0,1,0,0,1,0
domestic,21,1,6.9,69.24,7.3,4.95,1,1,1,1,1,1
domestic,21,6,22.9,54.29,5.0,3.08,0,0,0,0,0,0
international,21,3,14.3,40.25,3.0,92.0,0,0,0,0,0,0
domestic,27,4,17.0,62.63,6.6,5.04,1,1,0,1,1,0
domestic,29,8,25.5,51.55,2.8,4.71,0,0,0,0,0,0
domestic,23,2,23.6,61.89,8.3,5.3,1,1,0,1,1,1
domestic,30,9,10.8,67.17,3.1,4.36,0,0,0,0,0,0
domestic,23,4,1.9,84.43,6.3,5.19,1,1,1,1,1,1
domestic,28,10,5.6,42.76,3.4,3.97,0,0,0,0,0,0
domestic,28,3,6.5,45.22,6.9,5.23,1,1,0,0,1,0
domestic,26,3,13.3,46.93,3.0,3.47,0,0,0,0,0,0
international,22,6,28.5,36.04,2.9,5.7,0,0,0,0,0,0
domestic,24,5,10.3,76.42,5.2,4.06,1,1,1,1,1,1
domestic,33,11,36.5,55.34,6.1,4.06,0,0,0,0,0,0
domestic,21,5,26.3,57.75,5.1,4.99,1,1,0,0,0,0
domestic,30,2,3.1,16.68,3.5,,0,0,0,0,0,0
international,26,7,15.3,89.51,6.0,1.4,1,1,1,1,1,1
international,36,7,15.1,86.55,5.2,B,1,0,1,1,1,0
domestic,22,5,5.5,78.69,5.9,3.61,1,1,1,1,1,1
domestic,26,5,28.7,48.57,5.8,5.19,1,0,0,0,0,0
international,28,6,23.6,34.6,3.8,3.3,0,0,0,0,0,0
domestic,28,6,2.6,36.92,1.4,5.38,0,0,0,0,0,0
domestic,26,6,4.4,50.65,5.2,4.62,0,0,0,0,0,0
domestic,26,6,3.6,55.56,5.6,4.23,0,0,0,0,0,0
domestic,22,5,14.4,22.2,4.5,4.66,0,0,0,0,0,0
domestic,28,7,21.6,61.84,5.6,3.73,0,0,0,1,0,0
international,25,4,37.0,88.99,6.7,3.3,1,1,1,1,1,1
international,27,8,10.1,55.0,5.3,B,0,0,0,1,0,0
domestic,35,9,10.7,61.82,2.4,4.65,0,0,0,0,0,0
domestic,26,4,25.0,42.55,7.0,3.26,0,1,0,0,1,0
domestic,27,5,8.4,27.79,3.2,5.69,0,0,0,0,0,0
domestic,28,9,17.8,26.88,1.8,3.53,0,0,0,0,0,0
domestic,27,7,4.7,51.95,3.3,5.57,0,0,0,0,0,0
domestic,25,7,19.6,60.08,3.0,5.1,0,0,0,0,0,0
domestic,24,1,12.4,89.89,7.1,4.84,1,1,1,1,1,1
domestic,30,9,47.6,63.03,5.3,3.06,0,0,0,1,0,0
domestic,24,4,48.5,63.39,7.0,5.67,1,1,0,1,0,1
domestic,32,9,5.8,76.22,3.0,5.77,0,0,1,1,0,0
domestic,25,5,8.9,43.45,4.9,5.13,0,0,0,0,0,0
domestic,33,11,9.0,34.32,4.7,5.23,0,0,0,0,0,0
domestic,33,9,17.8,44.85,4.3,4.67,0,0,0,0,0,0
domestic,23,6,7.6,42.23,3.6,5.25,0,0,0,0,0,0
domestic,35,11,25.4,43.98,2.8,5.76,0,0,0,0,0,0
domestic,21,3,14.2,77.35,5.3,5.61,1,1,1,1,1,1
domestic,21,4,17.1,26.85,6.0,2.83,0,0,0,0,0,0
domestic,23,7,22.8,85.47,7.3,3.45,1,1,1,1,1,1
domestic,28,8,16.3,35.33,3.8,4.39,0,0,0,0,0,0
domestic,22,7,4.7,58.44,4.5,4.11,0,0,0,0,0,0
domestic,28,7,17.0,28.21,2.5,4.81,0,0,0,0,0,0
domestic,34,3,22.8,56.75,5.1,5.65,0,0,0,0,0,0
domestic,29,5,16.7,45.98,3.3,3.81,0,0,0,0,0,0
domestic,29,5,25.5,57.56,4.5,3.95,0,0,0,0,0,0
domestic,34,8,15.4,69.95,6.6,,1,0,1,1,1,0
international,25,6,33.1,69.88,5.6,2.3,1,1,1,1,0,0
domestic,29,9,2.8,64.78,2.8,5.11,0,0,0,0,0,0
domestic,21,1,11.4,88.31,7.8,5.23,1,1,1,1,1,1
international,22,6,17.3,74.26,6.0,2.0,1,1,1,1,1,1
domestic,29,7,4.8,65.71,4.3,4.28,0,0,0,1,0,0
domestic,25,0,13.9,33.33,5.3,5.19,0,0,0,0,0,0
domestic,30,5,42.7,61.05,3.8,5.47,0,0,0,0,0,0
domestic,33,10,7.3,50.41,4.1,4.87,0,0,0,0,0,0
international,23,5,32.4,76.81,7.9,9.4,1,1,1,1,0,1
domestic,29,4,13.8,59.08,3.1,3.71,0,0,0,0,0,0
domestic,24,6,5.7,76.8,6.5,,1,1,1,1,1,1
domestic,24,4,1.2,56.17,3.6,5.64,0,0,0,0,0,0
domestic,27,4,18.1,66.35,5.0,4.15,1,0,0,1,1,0
domestic,27,10,1.0,45.57,2.5,3.43,0,0,0,0,0,0
domestic,29,6,31.5,58.95,6.2,5.26,1,0,0,0,0,0
domestic,29,8,6.0,54.53,5.4,3.9,0,0,0,0,0,0
domestic,28,1,28.8,49.54,4.1,3.75,1,0,0,0,0,0
domestic,22,1,19.7,57.49,4.0,3.1,1,0,0,0,0,0
domestic,28,10,19.6,43.51,6.2,5.28,0,0,0,0,0,0
domestic,23,3,18.7,45.48,6.5,4.49,0,1,0,0,0,0
international,28,9,17.9,40.94,2.1,B,0,0,0,0,0,0
domestic,23,9,51.1,16.85,2.7,4.45,0,0,0,0,0,0
domestic,22,3,11.9,42.13,5.0,,0,0,0,0,0,0
domestic,21,2,10.7,55.99,3.9,5.9,0,0,0,0,0,0
international,26,7,41.1,56.29,4.9,A,0,0,0,1,0,0
domestic,24,8,0.8,55.94,4.4,5.54,0,0,0,0,0,0
domestic,29,6,7.5,41.33,3.5,2.88,0,0,0,0,0,0
domestic,24,4,15.9,47.05,4.3,3.89,0,0,0,0,0,0
domestic,30,9,39.0,50.17,5.1,3.99,0,0,0,0,0,0
domestic,24,6,4.4,74.55,2.0,3.81,0,0,1,1,0,0
international,23,7,26.0,62.21,6.3,81.1,0,1,0,1,0,0
domestic,30,10,38.0,36.01,3.6,5.21,0,0,0,0,0,0
domestic,29,5,18.3,32.2,2.4,4.08,0,0,0,0,0,0
domestic,20,4,11.8,47.22,5.6,4.89,0,1,0,0,0,0
international,27,8,26.7,40.37,3.9,8.1,0,0,0,0,0,0
domestic,25,2,14.1,83.77,5.1,5.42,1,1,1,1,1,1
domestic,39,12,20.6,40.32,3.2,5.17,0,0,0,0,0,0
domestic,20,4,2.7,42.01,3.0,5.2,0,0,0,0,0,0
domestic,31,9,4.7,35.55,1.7,4.76,0,0,0,0,0,0
domestic,25,5,39.7,84.43,5.5,5.73,1,1,1,1,0,1
domestic,21,2,18.3,80.1,7.8,5.22,1,1,1,1,1,1
domestic,21,1,18.3,53.76,3.7,4.58,0,0,0,0,0,0
international,23,1,47.4,60.46,7.7,7.6,1,1,0,1,0,1
international,35,9,33.8,21.72,0.9,5.4,0,0,0,0,0,0
domestic,27,6,22.2,63.12,3.5,4.35,0,0,0,0,0,0
domestic,31,7,51.1,57.35,6.2,3.12,0,0,0,0,0,0
domestic,19,2,5.1,78.25,6.7,4.87,1,1,1,1,1,1
domestic,24,4,41.9,61.45,6.6,2.96,1,1,0,1,0,1
domestic,25,3,8.1,87.08,5.0,3.73,0,1,1,1,1,1
domestic,28,4,14.7,62.28,6.8,4.15,1,1,0,1,1,0
domestic,33,8,35.2,34.71,2.9,5.76,0,0,0,0,0,0
international,35,5,60.2,51.15,5.1,72.3,0,0,0,0,0,0
international,29,7,1.7,63.09,3.1,5.4,0,0,0,1,0,0
domestic,26,9,37.6,40.94,4.7,3.86,0,0,0,0,0,0
domestic,25,5,29.8,66.7,5.9,4.39,1,1,0,1,1,0
domestic,21,0,5.9,68.84,4.6,2.98,1,1,1,1,1,1
domestic,32,7,19.0,44.56,4.4,3.22,0,0,0,0,0,0
international,23,7,5.2,63.8,4.0,4.7,0,0,0,1,0,0
domestic,26,8,32.1,62.97,4.8,5.3,0,0,0,0,0,0
domestic,29,8,29.8,64.93,5.2,,0,0,0,1,0,0
domestic,22,1,4.4,82.39,5.8,5.98,1,1,1,1,1,1
domestic,27,9,11.5,53.51,3.6,5.09,0,0,0,0,0,0
domestic,30,7,11.2,63.86,5.5,,1,0,0,1,0,0
international,22,1,36.6,53.71,8.3,27.7,1,1,0,1,0,1
domestic,29,8,21.4,58.41,3.8,5.55,0,0,0,0,0,0
international,22,0,27.8,74.74,3.3,2.3,1,0,1,1,0,1
domestic,20,2,4.6,70.87,6.5,5.45,1,1,1,1,1,1
international,24,5,14.1,66.52,4.8,3.4,0,0,1,1,0,0
domestic,27,5,13.6,73.32,4.7,3.57,0,0,1,1,1,0
domestic,21,1,14.6,59.42,5.1,4.85,1,1,0,0,1,0
domestic,29,8,36.9,71.52,4.2,5.61,0,0,1,1,0,0
domestic,26,10,22.4,61.08,2.8,4.32,0,0,0,0,0,0
domestic,24,1,24.1,71.17,5.2,4.33,1,1,1,1,1,1
domestic,26,5,7.6,47.69,4.7,4.39,0,0,0,0,0,0
domestic,23,1,19.0,72.38,8.9,5.43,1,1,1,1,1,1
international,27,5,14.7,42.26,2.4,B,0,0,0,0,0,0
domestic,29,6,20.7,62.47,3.9,,0,0,0,0,0,0
domestic,27,9,5.1,63.72,5.0,2.97,0,0,0,1,0,0
domestic,20,4,5.2,48.38,5.4,3.16,1,1,0,0,0,0
international,26,9,25.9,90.23,3.5,3.4,0,0,1,1,1,0
domestic,24,4,18.7,88.41,6.7,2.55,1,1,1,1,1,1
domestic,22,5,17.8,54.17,2.5,4.29,1,0,0,0,0,0
domestic,28,3,17.9,23.72,5.7,5.7,0,0,0,0,0,0
international,22,1,32.4,65.27,7.9,3.8,1,1,1,1,1,1
domestic,24,5,16.1,44.04,3.6,2.85,0,0,0,0,0,0
domestic,28,7,26.5,29.31,2.5,2.62,0,0,0,0,0,0
domestic,23,3,34.6,54.84,7.1,5.02,1,1,0,0,0,1
domestic,25,9,32.9,60.34,5.2,4.68,0,0,0,0,0,0
international,21,4,32.6,64.48,8.2,39.5,1,1,0,1,0,1
domestic,25,5,25.6,55.82,4.4,5.59,0,0,0,0,0,0
domestic,29,5,16.5,58.18,4.0,5.66,1,0,0,0,0,0
international,20,1,42.2,70.23,6.4,,1,1,1,1,0,1
domestic,28,8,39.9,45.5,4.1,4.75,0,0,0,0,0,0
domestic,24,2,34.0,59.33,3.5,5.86,0,0,0,0,0,0
international,23,2,20.6,54.85,6.3,5.8,0,1,0,1,0,0
domestic,23,10,18.4,63.12,3.5,4.06,0,0,0,0,0,0
domestic,29,4,23.3,49.26,2.3,3.49,0,0,0,0,0,0
domestic,21,2,50.1,81.79,7.8,5.68,1,1,1,1,1,1
domestic,23,2,10.5,77.56,6.0,3.65,1,1,1,1,1,1
domestic,31,4,18.4,29.58,4.6,2.87,0,0,0,0,0,0
domestic,25,5,4.3,31.39,5.7,5.49,1,0,0,0,0,0
domestic,23,3,6.7,62.41,5.2,5.4,1,1,0,0,1,0
domestic,20,1,17.9,60.37,7.3,1.69,1,1,0,1,1,1
domestic,27,9,6.6,81.43,6.3,5.27,1,1,1,1,1,1
domestic,30,7,40.6,78.03,6.3,5.14,1,1,1,1,0,1
domestic,26,2,31.6,67.63,4.6,2.9,1,0,0,1,0,0
domestic,29,6,15.6,18.21,3.1,5.81,0,0,0,0,0,0
domestic,24,6,11.0,68.44,2.3,3.1,0,0,1,0,0,0
domestic,27,5,5.1,67.81,7.1,3.76,0,1,0,1,1,1
international,24,8,27.7,40.11,4.1,8.4,0,0,0,0,0,0
international,26,4,39.8,75.02,7.8,65.1,1,1,1,1,1,1
domestic,25,8,44.1,53.9,3.8,3.26,0,0,0,0,0,0
domestic,25,4,27.3,49.03,4.5,3.82,1,0,0,0,0,0
domestic,26,5,2.4,77.03,4.2,4.85,1,0,1,1,1,0
domestic,26,8,8.9,56.47,7.3,5.0,1,1,0,0,1,0
domestic,20,4,10.7,72.02,6.9,4.36,1,1,1,1,1,1
domestic,21,6,28.4,51.88,6.0,2.11,1,1,0,0,0,0
international,28,8,45.9,66.64,6.0,92.1,0,1,1,1,0,0
international,27,5,29.9,62.16,4.4,A,0,0,0,1,1,0
international,25,3,7.5,67.31,3.2,3.5,0,0,1,1,1,0
domestic,25,5,9.5,19.45,1.9,3.36,0,0,0,0,0,0
domestic,30,10,38.6,34.86,2.1,3.5,0,0,0,0,0,0
domestic,22,4,52.6,45.65,7.5,5.07,1,1,0,0,0,0
domestic,30,7,19.1,62.22,6.5,4.92,1,1,0,1,1,0
domestic,33,6,37.4,19.29,2.2,4.26,0,0,0,0,0,0
domestic,20,3,4.3,34.28,4.8,4.41,0,0,0,0,0,0
domestic,32,5,8.5,56.53,3.9,4.53,0,0,0,0,0,0
domestic,21,2,13.5,53.31,4.2,4.15,0,0,0,0,0,0
domestic,21,6,28.8,62.58,6.7,3.92,0,1,0,1,1,1
domestic,21,4,16.0,53.18,6.5,2.73,1,1,0,0,1,0
domestic,34,6,17.9,68.39,4.4,4.33,1,0,1,1,0,0
domestic,21,4,18.5,81.06,4.3,,0,1,1,1,1,1
domestic,20,0,2.4,69.84,5.7,5.53,1,1,1,1,1,1
domestic,21,4,16.1,66.68,6.1,3.37,1,1,0,1,1,1
domestic,21,1,10.7,32.75,4.0,5.76,0,0,0,0,0,0
international,33,9,31.0,37.82,4.4,4.6,0,0,0,0,0,0
domestic,26,6,18.3,33.16,3.6,4.83,0,0,0,0,0,0
domestic,33,9,25.2,55.57,4.5,4.82,0,0,0,0,0,0
international,30,7,60.0,38.95,5.6,F,0,0,0,0,0,0
domestic,26,5,41.7,40.92,5.3,5.52,0,0,0,0,0,0
domestic,29,6,15.6,61.73,3.3,2.21,0,0,0,0,0,0
domestic,30,8,5.9,50.95,2.6,5.22,0,0,0,0,0,0
domestic,30,5,1.7,72.12,4.1,5.5,1,0,1,1,0,0
domestic,22,0,6.8,47.59,6.2,5.91,0,1,0,0,1,0
domestic,23,4,19.5,36.8,4.5,5.86,0,0,0,0,0,0
domestic,25,9,45.4,56.23,7.7,4.91,1,1,0,0,0,0
domestic,23,4,9.4,65.27,6.0,4.01,1,1,0,1,1,1
international,21,6,35.0,39.71,3.8,C,0,0,0,0,0,0
domestic,25,3,8.5,67.59,4.7,5.09,0,0,0,1,1,0
domestic,20,4,7.6,62.11,4.2,3.74,0,0,0,0,0,0
domestic,25,2,29.7,49.78,7.2,4.62,1,1,0,0,1,0
domestic,33,10,34.6,44.42,5.8,5.24,0,0,0,0,0,0
international,32,7,48.7,70.05,8.2,2.0,1,1,1,1,1,1
domestic,21,2,9.0,45.66,3.4,4.82,0,0,0,0,0,0
domestic,27,6,24.9,44.11,6.3,,0,0,0,0,0,0
domestic,22,7,6.8,58.72,5.9,5.61,1,1,0,0,0,0
domestic,26,10,5.9,42.2,2.2,3.43,0,0,0,0,0,0
domestic,27,6,24.0,31.22,3.9,3.97,0,0,0,0,0,0
domestic,21,1,7.1,69.57,7.0,4.32,1,1,1,1,1,1
domestic,25,5,9.6,69.47,3.8,,0,0,1,1,0,0
domestic,23,3,1.2,79.65,7.4,,1,1,1,1,1,1
domestic,27,5,28.0,65.95,6.4,3.89,1,1,0,1,1,0
international,25,4,8.6,39.61,3.9,4.2,0,0,0,0,0,0
domestic,27,8,3.6,69.44,2.7,2.88,0,0,1,1,0,0
domestic,26,4,34.8,47.21,6.8,4.17,1,1,0,0,0,0
international,23,4,28.8,59.4,7.0,74.2,1,1,0,1,1,1
domestic,21,3,0.6,65.81,3.4,5.55,0,0,0,0,0,0
domestic,26,9,42.0,50.31,6.5,4.82,1,0,0,0,0,0
domestic,21,6,8.5,70.1,5.4,4.16,1,1,1,1,0,1
domestic,22,6,2.2,77.93,5.8,4.89,1,1,1,1,1,1
international,21,3,32.1,74.75,5.1,1.5,1,1,1,1,0,1
domestic,29,9,26.5,57.38,4.0,3.76,0,0,0,0,0,0
international,20,4,2.7,56.08,2.6,B,0,0,0,0,0,0
domestic,27,2,23.5,29.75,3.5,3.99,0,0,0,0,0,0
international,24,5,32.8,83.94,7.2,C,1,1,1,1,0,1
domestic,24,1,7.7,58.69,7.1,2.97,1,1,0,1,1,1
domestic,20,4,16.5,59.3,3.6,5.8,0,0,0,0,0,0
domestic,22,5,9.1,56.51,6.7,4.56,0,1,0,0,1,0
international,32,10,30.5,64.61,5.7,8.0,0,0,0,1,0,0
international,23,2,54.1,73.38,5.5,C,1,1,1,1,0,1
domestic,24,6,1.9,62.59,4.6,5.65,0,0,0,0,0,0
domestic,22,4,3.2,43.63,4.2,3.93,0,0,0,0,0,0
domestic,20,3,12.1,80.83,6.1,4.21,1,1,1,1,1,1
domestic,19,0,11.5,36.06,3.8,3.91,0,0,0,0,0,0
international,25,7,26.4,67.23,6.3,2.5,1,1,1,1,1,1
domestic,26,4,15.8,72.8,6.6,3.85,1,1,1,1,1,1
domestic,21,3,11.8,40.31,4.6,3.03,0,0,0,0,0,0
domestic,23,1,3.2,35.21,2.8,,0,0,0,0,0,0
domestic,30,3,25.5,40.24,2.7,5.39,0,0,0,0,0,0
domestic,22,6,16.4,29.48,4.2,,0,0,0,0,0,0
domestic,20,1,36.0,44.03,4.3,3.66,0,0,0,0,0,0
domestic,26,7,2.4,61.14,2.5,5.77,0,0,0,0,0,0
domestic,28,3,1.1,32.87,3.4,5.46,0,0,0,0,0,0
domestic,32,9,37.1,64.35,4.0,3.75,0,0,0,0,0,0
domestic,23,7,23.4,42.8,4.3,4.38,0,0,0,0,0,0
international,19,2,31.8,67.34,8.8,4.2,1,1,1,1,1,1
domestic,23,8,43.9,66.72,6.9,4.5,1,1,0,1,0,1
domestic,22,2,30.7,47.79,7.5,4.73,0,1,0,0,0,0
domestic,34,11,23.9,33.03,2.9,3.93,0,0,0,0,0,0
domestic,23,7,19.5,42.53,4.0,4.53,0,0,0,0,0,0
domestic,28,1,11.2,51.57,5.1,4.93,0,0,0,0,1,0
domestic,20,4,0.7,38.82,3.4,4.62,0,0,0,0,0,0
domestic,30,10,36.0,69.87,4.4,,0,0,1,1,0,0
international,29,8,36.6,56.06,4.5,3.1,0,0,0,0,0,0
domestic,28,11,22.2,62.46,4.5,3.65,0,0,0,0,0,0
international,30,6,14.1,67.82,5.2,88.1,1,0,1,1,1,0
domestic,21,6,23.0,52.98,3.3,,0,0,0,0,0,0
international,30,9,39.4,52.42,3.7,,0,0,0,0,0,0
international,21,1,26.6,91.39,5.2,5.7,0,1,1,1,1,1
international,20,3,25.0,67.0,5.5,93.6,1,1,1,1,1,1
domestic,20,3,13.5,35.56,6.1,4.91,0,1,0,0,0,0
international,23,5,35.2,55.28,7.8,1.1,1,1,0,1,0,1
domestic,20,4,2.1,69.64,3.9,3.32,1,0,1,1,0,0
domestic,26,6,56.3,40.86,3.9,3.95,0,0,0,0,0,0
domestic,27,6,23.0,81.22,8.7,4.48,1,1,1,1,1,1
domestic,25,8,33.6,49.09,6.3,3.28,0,0,0,0,0,0
international,35,9,17.1,30.03,1.7,8.0,0,0,0,0,0,0
domestic,21,6,33.7,62.82,4.6,5.22,0,0,0,0,0,0
domestic,28,2,47.9,36.05,6.3,5.61,0,0,0,0,0,0
domestic,23,2,3.0,43.15,4.3,,0,0,0,0,0,0
international,27,7,10.7,43.64,2.9,3.7,0,0,0,0,0,0
international,26,5,15.0,73.66,2.0,,0,0,1,1,0,0
domestic,25,8,10.2,37.48,1.3,5.42,0,0,0,0,0,0
domestic,23,8,9.1,51.4,4.7,4.66,0,0,0,0,0,0
domestic,32,8,17.8,20.64,1.2,5.14,0,0,0,0,0,0
domestic,25,3,6.9,52.39,6.0,5.08,1,1,0,0,1,0
domestic,23,1,13.5,26.3,4.5,4.9,0,0,0,0,0,0
domestic,34,5,8.5,55.72,5.4,4.8,0,0,0,0,0,0
domestic,29,8,18.6,38.95,5.7,5.75,0,0,0,0,0,0
domestic,26,3,37.2,75.03,7.1,5.71,1,1,1,1,1,1
domestic,33,6,25.0,55.87,5.3,3.57,0,0,0,0,0,0
domestic,32,2,4.0,49.89,2.6,4.09,0,0,0,0,0,0
domestic,22,2,31.9,50.22,4.8,,0,0,0,0,0,0
international,22,3,36.8,85.72,7.7,8.0,1,1,1,1,1,1
domestic,28,5,30.1,76.45,6.8,5.45,1,1,1,1,0,1
international,27,4,16.4,51.59,4.8,1.8,0,0,0,0,1,0
domestic,20,4,5.9,81.35,7.7,4.37,1,1,1,1,1,1
domestic,34,5,12.1,54.51,3.2,,0,0,0,0,0,0
domestic,24,4,19.5,36.13,7.6,4.83,0,1,0,0,0,0
domestic,28,8,20.6,37.18,3.3,3.44,0,0,0,0,0,0
domestic,31,4,16.5,77.06,5.5,3.67,1,1,1,1,1,0
domestic,23,4,45.5,56.85,5.7,3.64,0,1,0,0,0,0
international,22,4,22.0,33.2,3.5,70.8,0,0,0,0,0,0
domestic,22,1,4.9,59.12,6.3,5.17,1,1,0,0,1,1
domestic,21,2,7.3,53.26,5.8,4.17,0,1,0,0,1,0
domestic,23,2,2.2,65.06,4.5,,1,0,0,1,0,0
domestic,28,8,27.5,57.27,2.7,4.98,0,0,0,0,0,0
domestic,34,10,26.8,29.58,5.3,5.04,0,0,0,0,0,0
domestic,26,3,15.8,47.28,3.6,3.95,0,0,0,0,0,0
domestic,23,7,5.7,81.07,5.3,4.17,1,1,1,1,1,1
domestic,31,9,43.4,40.6,5.4,5.93,0,0,0,0,0,0
domestic,23,10,16.5,76.53,6.4,3.67,1,1,1,1,1,1
domestic,22,2,15.5,40.66,3.7,5.42,0,0,0,0,0,0
domestic,21,3,3.1,69.5,6.6,4.66,1,1,1,1,1,1
domestic,36,10,32.0,50.67,3.8,4.36,0,0,0,0,0,0
domestic,22,2,28.6,50.19,6.6,4.57,1,1,0,0,1,0
domestic,23,6,32.0,76.08,5.9,3.57,1,1,1,1,0,1
domestic,20,4,13.8,68.34,2.7,4.52,0,0,0,0,0,0
domestic,24,3,28.7,79.81,5.6,4.26,1,1,1,1,1,1
domestic,25,5,18.3,32.55,3.7,4.87,0,0,0,0,0,0
international,21,6,18.7,57.22,4.4,A,0,0,0,1,0,0
domestic,24,3,12.9,71.6,6.9,5.58,1,1,1,1,1,1
domestic,24,6,5.3,35.36,7.0,4.66,0,1,0,0,0,0
domestic,21,6,4.0,45.91,4.6,3.33,0,0,0,0,0,0
domestic,25,4,21.1,53.94,6.2,5.06,1,1,0,0,1,0
international,30,5,19.0,59.77,4.4,C,0,0,0,1,1,0
international,25,7,24.7,63.96,5.5,51.7,0,0,0,1,1,0
domestic,31,6,4.6,28.13,2.3,3.99,0,0,0,0,0,0
domestic,22,5,5.3,54.15,4.3,4.76,0,0,0,0,0,0
international,26,8,10.4,53.92,4.0,8.6,0,0,0,0,0,0
domestic,22,1,22.2,57.2,8.0,5.6,1,1,0,1,1,1
international,28,7,48.9,53.22,4.4,A,0,0,0,0,0,0
domestic,26,6,22.0,63.69,2.8,4.56,0,0,0,0,0,0
domestic,30,4,6.7,50.27,2.5,4.42,0,0,0,0,0,0
domestic,21,3,5.7,64.87,3.3,3.26,0,0,0,0,0,0
domestic,20,2,4.2,63.18,7.2,4.41,1,1,0,1,1,1
international,20,1,26.8,56.01,7.2,47.4,1,1,0,1,1,1
domestic,27,6,46.2,73.95,6.3,2.52,1,1,1,1,0,1
domestic,21,2,15.5,61.6,4.0,2.7,1,0,0,0,0,0
domestic,22,3,2.8,81.03,2.7,2.74,0,0,1,1,0,1
domestic,31,11,28.8,41.11,3.9,3.46,0,0,0,0,0,0
international,24,5,28.6,52.47,7.5,5.7,1,1,0,1,0,0
domestic,33,10,26.4,26.44,3.2,5.34,0,0,0,0,0,0
domestic,26,9,22.0,30.63,6.4,1.85,0,0,0,0,0,0
domestic,23,3,14.6,19.82,5.0,5.67,0,0,0,0,0,0
domestic,31,9,21.8,35.91,3.6,5.06,0,0,0,0,0,0
international,21,2,21.6,92.62,4.8,B,1,1,1,1,1,1
domestic,26,10,38.9,61.88,5.5,3.93,0,0,0,0,0,0
domestic,23,6,23.8,36.46,4.0,3.37,0,0,0,0,0,0
international,27,8,49.9,65.68,5.1,8.2,0,0,1,1,0,0
domestic,26,6,25.5,72.6,6.4,4.18,0,1,1,1,1,1
international,21,6,25.7,70.05,6.8,C,0,1,1,1,1,1
international,27,6,27.1,84.39,5.9,5.1,1,1,1,1,1,1
domestic,21,3,33.1,57.2,6.6,3.41,1,1,0,0,0,1
domestic,25,6,5.4,61.64,7.5,4.06,1,1,0,1,1,1
domestic,23,1,0.6,48.9,5.1,5.32,0,0,0,0,0,0
domestic,21,3,28.4,43.33,3.6,2.79,0,0,0,0,0,0
domestic,23,7,31.7,52.78,7.2,5.04,1,1,0,0,0,0
international,27,2,14.2,74.03,8.0,2.5,1,1,1,1,1,1
domestic,24,7,34.2,66.68,6.6,3.68,0,1,0,1,0,1
domestic,20,2,26.9,87.53,5.8,5.83,1,1,1,1,1,1
domestic,30,7,4.5,79.07,3.5,4.43,0,0,1,1,0,0
domestic,28,10,15.8,55.08,4.4,4.92,0,0,0,0,0,0
domestic,25,5,22.7,62.14,5.3,,1,0,0,0,0,0
domestic,24,2,8.0,74.72,6.5,4.49,1,1,1,1,1,1
domestic,22,5,19.9,58.69,5.8,5.85,1,1,0,0,0,0
domestic,23,9,12.2,65.22,2.0,3.7,0,0,0,0,0,0
international,24,1,15.8,63.69,5.9,84.5,1,1,0,1,1,1
domestic,23,4,43.4,60.59,4.8,5.59,1,0,0,0,0,0
domestic,29,6,12.1,47.59,4.5,,0,0,0,0,0,0
